{
  "api": {
    "AbstractWorker": {
      "__compat": {
        "mdn_url": "https://developer.mozilla.org/docs/Web/API/AbstractWorker",
        "support": {
          "chrome": {
            "version_added": "4"
          },
          "chrome_android": {
            "version_added": "18"
          },
          "edge": {
            "version_added": "12"
          },
          "firefox": {
            "version_added": "3.5"
          },
          "firefox_android": {
            "version_added": "4"
          },
          "ie": {
            "version_added": "10"
          },
          "opera": {
            "version_added": "10.6"
          },
          "opera_android": {
            "version_added": "11"
          },
          "safari": {
            "version_added": "4"
          },
          "safari_ios": {
            "version_added": "5.1"
          },
          "samsunginternet_android": {
            "version_added": "1.0"
          },
          "webview_android": {
            "version_added": "4.4"
          }
        },
        "status": {
          "experimental": false,
          "standard_track": true,
          "deprecated": false
        }
      },
      "onerror": {
        "__compat": {
          "mdn_url": "https://developer.mozilla.org/docs/Web/API/AbstractWorker/onerror",
          "support": {
            "chrome": {
              "version_added": "4"
            },
            "chrome_android": {
              "version_added": "18"
            },
            "edge": {
              "version_added": "12"
            },
            "firefox": {
              "version_added": "3.5"
            },
            "firefox_android": {
              "version_added": "4"
            },
            "ie": {
              "version_added": "10"
            },
            "opera": {
              "version_added": "10.6"
            },
            "opera_android": {
              "version_added": "11"
            },
            "safari": {
              "version_added": "4"
            },
            "safari_ios": {
              "version_added": "5.1"
            },
            "samsunginternet_android": {
              "version_added": "1.0"
            },
            "webview_android": {
              "version_added": "4.4"
            }
          },
          "status": {
            "experimental": false,
            "standard_track": true,
            "deprecated": false
          }
        }
      }
    }
  }
}
