{
  "api": {
    "AnalyserNode": {
      "__compat": {
        "mdn_url": "https://developer.mozilla.org/docs/Web/API/AnalyserNode",
        "support": {
          "chrome": {
            "version_added": "14"
          },
          "chrome_android": {
            "version_added": "18"
          },
          "edge": {
            "version_added": "≤18"
          },
          "firefox": {
            "version_added": "25"
          },
          "firefox_android": {
            "version_added": "26"
          },
          "ie": {
            "version_added": false
          },
          "opera": {
            "version_added": "15"
          },
          "opera_android": {
            "version_added": "14"
          },
          "safari": {
            "version_added": "6"
          },
          "safari_ios": {
            "version_added": true
          },
          "samsunginternet_android": {
            "version_added": "1.0"
          },
          "webview_android": {
            "version_added": true
          }
        },
        "status": {
          "experimental": false,
          "standard_track": true,
          "deprecated": false
        }
      },
      "AnalyserNode": {
        "__compat": {
          "mdn_url": "https://developer.mozilla.org/docs/Web/API/AnalyserNode/AnalyserNode",
          "description": "<code>AnalyserNode()</code> constructor",
          "support": {
            "chrome": {
              "version_added": "55"
            },
            "chrome_android": {
              "version_added": "55"
            },
            "edge": {
              "version_added": "≤79"
            },
            "firefox": {
              "version_added": "53"
            },
            "firefox_android": {
              "version_added": "53"
            },
            "ie": {
              "version_added": false
            },
            "opera": {
              "version_added": "42"
            },
            "opera_android": {
              "version_added": "42"
            },
            "safari": {
              "version_added": null
            },
            "safari_ios": {
              "version_added": null
            },
            "samsunginternet_android": {
              "version_added": "6.0"
            },
            "webview_android": {
              "version_added": "55"
            }
          },
          "status": {
            "experimental": false,
            "standard_track": true,
            "deprecated": false
          }
        }
      },
      "fftSize": {
        "__compat": {
          "mdn_url": "https://developer.mozilla.org/docs/Web/API/AnalyserNode/fftSize",
          "support": {
            "chrome": {
              "version_added": "14"
            },
            "chrome_android": {
              "version_added": "18"
            },
            "edge": {
              "version_added": "12"
            },
            "firefox": {
              "version_added": "25"
            },
            "firefox_android": {
              "version_added": "26"
            },
            "ie": {
              "version_added": false
            },
            "opera": {
              "version_added": "15"
            },
            "opera_android": {
              "version_added": "14"
            },
            "safari": {
              "version_added": "6"
            },
            "safari_ios": {
              "version_added": true
            },
            "samsunginternet_android": {
              "version_added": "1.0"
            },
            "webview_android": {
              "version_added": true
            }
          },
          "status": {
            "experimental": false,
            "standard_track": true,
            "deprecated": false
          }
        }
      },
      "frequencyBinCount": {
        "__compat": {
          "mdn_url": "https://developer.mozilla.org/docs/Web/API/AnalyserNode/frequencyBinCount",
          "support": {
            "chrome": {
              "version_added": "14"
            },
            "chrome_android": {
              "version_added": "18"
            },
            "edge": {
              "version_added": "12"
            },
            "firefox": {
              "version_added": "25"
            },
            "firefox_android": {
              "version_added": "26"
            },
            "ie": {
              "version_added": false
            },
            "opera": {
              "version_added": "15"
            },
            "opera_android": {
              "version_added": "14"
            },
            "safari": {
              "version_added": "6"
            },
            "safari_ios": {
              "version_added": true
            },
            "samsunginternet_android": {
              "version_added": "1.0"
            },
            "webview_android": {
              "version_added": true
            }
          },
          "status": {
            "experimental": false,
            "standard_track": true,
            "deprecated": false
          }
        }
      },
      "getByteFrequencyData": {
        "__compat": {
          "mdn_url": "https://developer.mozilla.org/docs/Web/API/AnalyserNode/getByteFrequencyData",
          "support": {
            "chrome": {
              "version_added": "14"
            },
            "chrome_android": {
              "version_added": "18"
            },
            "edge": {
              "version_added": "12"
            },
            "firefox": {
              "version_added": "25"
            },
            "firefox_android": {
              "version_added": "26"
            },
            "ie": {
              "version_added": false
            },
            "opera": {
              "version_added": "15"
            },
            "opera_android": {
              "version_added": "14"
            },
            "safari": {
              "version_added": "6"
            },
            "safari_ios": {
              "version_added": true
            },
            "samsunginternet_android": {
              "version_added": "1.0"
            },
            "webview_android": {
              "version_added": true
            }
          },
          "status": {
            "experimental": false,
            "standard_track": true,
            "deprecated": false
          }
        }
      },
      "getByteTimeDomainData": {
        "__compat": {
          "mdn_url": "https://developer.mozilla.org/docs/Web/API/AnalyserNode/getByteTimeDomainData",
          "support": {
            "chrome": {
              "version_added": "14"
            },
            "chrome_android": {
              "version_added": "18"
            },
            "edge": {
              "version_added": "12"
            },
            "firefox": {
              "version_added": "25"
            },
            "firefox_android": {
              "version_added": "26"
            },
            "ie": {
              "version_added": false
            },
            "opera": {
              "version_added": "15"
            },
            "opera_android": {
              "version_added": "14"
            },
            "safari": {
              "version_added": "6"
            },
            "safari_ios": {
              "version_added": true
            },
            "samsunginternet_android": {
              "version_added": "1.0"
            },
            "webview_android": {
              "version_added": true
            }
          },
          "status": {
            "experimental": false,
            "standard_track": true,
            "deprecated": false
          }
        }
      },
      "getFloatFrequencyData": {
        "__compat": {
          "mdn_url": "https://developer.mozilla.org/docs/Web/API/AnalyserNode/getFloatFrequencyData",
          "support": {
            "chrome": {
              "version_added": "14"
            },
            "chrome_android": {
              "version_added": "18"
            },
            "edge": {
              "version_added": "12"
            },
            "firefox": {
              "version_added": "25"
            },
            "firefox_android": {
              "version_added": "26"
            },
            "ie": {
              "version_added": false
            },
            "opera": {
              "version_added": "15"
            },
            "opera_android": {
              "version_added": "14"
            },
            "safari": {
              "version_added": "6"
            },
            "safari_ios": {
              "version_added": true
            },
            "samsunginternet_android": {
              "version_added": "1.0"
            },
            "webview_android": {
              "version_added": true
            }
          },
          "status": {
            "experimental": false,
            "standard_track": true,
            "deprecated": false
          }
        }
      },
      "getFloatTimeDomainData": {
        "__compat": {
          "mdn_url": "https://developer.mozilla.org/docs/Web/API/AnalyserNode/getFloatTimeDomainData",
          "support": {
            "chrome": {
              "version_added": "14"
            },
            "chrome_android": {
              "version_added": "18"
            },
            "edge": {
              "version_added": "12"
            },
            "firefox": {
              "version_added": "25"
            },
            "firefox_android": {
              "version_added": "26"
            },
            "ie": {
              "version_added": false
            },
            "opera": {
              "version_added": "15"
            },
            "opera_android": {
              "version_added": "14"
            },
            "safari": {
              "version_added": false
            },
            "safari_ios": {
              "version_added": null
            },
            "samsunginternet_android": {
              "version_added": "1.0"
            },
            "webview_android": {
              "version_added": true
            }
          },
          "status": {
            "experimental": false,
            "standard_track": true,
            "deprecated": false
          }
        }
      },
      "maxDecibels": {
        "__compat": {
          "mdn_url": "https://developer.mozilla.org/docs/Web/API/AnalyserNode/maxDecibels",
          "support": {
            "chrome": {
              "version_added": "14"
            },
            "chrome_android": {
              "version_added": "18"
            },
            "edge": {
              "version_added": "12"
            },
            "firefox": {
              "version_added": "25"
            },
            "firefox_android": {
              "version_added": "26"
            },
            "ie": {
              "version_added": false
            },
            "opera": {
              "version_added": "15"
            },
            "opera_android": {
              "version_added": "14"
            },
            "safari": {
              "version_added": "6"
            },
            "safari_ios": {
              "version_added": true
            },
            "samsunginternet_android": {
              "version_added": "1.0"
            },
            "webview_android": {
              "version_added": true
            }
          },
          "status": {
            "experimental": false,
            "standard_track": true,
            "deprecated": false
          }
        }
      },
      "minDecibels": {
        "__compat": {
          "mdn_url": "https://developer.mozilla.org/docs/Web/API/AnalyserNode/minDecibels",
          "support": {
            "chrome": {
              "version_added": "14"
            },
            "chrome_android": {
              "version_added": "18"
            },
            "edge": {
              "version_added": "12"
            },
            "firefox": {
              "version_added": "25"
            },
            "firefox_android": {
              "version_added": "26"
            },
            "ie": {
              "version_added": false
            },
            "opera": {
              "version_added": "15"
            },
            "opera_android": {
              "version_added": "14"
            },
            "safari": {
              "version_added": "6"
            },
            "safari_ios": {
              "version_added": true
            },
            "samsunginternet_android": {
              "version_added": "1.0"
            },
            "webview_android": {
              "version_added": true
            }
          },
          "status": {
            "experimental": false,
            "standard_track": true,
            "deprecated": false
          }
        }
      },
      "smoothingTimeConstant": {
        "__compat": {
          "mdn_url": "https://developer.mozilla.org/docs/Web/API/AnalyserNode/smoothingTimeConstant",
          "support": {
            "chrome": {
              "version_added": "14"
            },
            "chrome_android": {
              "version_added": "18"
            },
            "edge": {
              "version_added": "12"
            },
            "firefox": {
              "version_added": "25"
            },
            "firefox_android": {
              "version_added": "26"
            },
            "ie": {
              "version_added": false
            },
            "opera": {
              "version_added": "15"
            },
            "opera_android": {
              "version_added": "14"
            },
            "safari": {
              "version_added": "6"
            },
            "safari_ios": {
              "version_added": true
            },
            "samsunginternet_android": {
              "version_added": "1.0"
            },
            "webview_android": {
              "version_added": true
            }
          },
          "status": {
            "experimental": false,
            "standard_track": true,
            "deprecated": false
          }
        }
      }
    }
  }
}
