{
  "api": {
    "ANGLE_instanced_arrays": {
      "__compat": {
        "mdn_url": "https://developer.mozilla.org/docs/Web/API/ANGLE_instanced_arrays",
        "support": {
          "chrome": {
            "version_added": "30",
            "alternative_name": "ANGLEInstancedArrays"
          },
          "chrome_android": {
            "version_added": "30",
            "alternative_name": "ANGLEInstancedArrays"
          },
          "edge": {
            "version_added": "12"
          },
          "firefox": {
            "version_added": "33"
          },
          "firefox_android": {
            "version_added": null
          },
          "ie": {
            "version_added": "11"
          },
          "opera": {
            "version_added": true
          },
          "opera_android": {
            "version_added": true
          },
          "safari": {
            "version_added": null
          },
          "safari_ios": {
            "version_added": null
          },
          "samsunginternet_android": {
            "version_added": true
          },
          "webview_android": {
            "version_added": "≤37"
          }
        },
        "status": {
          "experimental": false,
          "standard_track": true,
          "deprecated": false
        }
      },
      "drawArraysInstancedANGLE": {
        "__compat": {
          "mdn_url": "https://developer.mozilla.org/docs/Web/API/ANGLE_instanced_arrays/drawArraysInstancedANGLE",
          "support": {
            "chrome": {
              "version_added": "30"
            },
            "chrome_android": {
              "version_added": "30"
            },
            "edge": {
              "version_added": "12"
            },
            "firefox": {
              "version_added": "33"
            },
            "firefox_android": {
              "version_added": null
            },
            "ie": {
              "version_added": "11"
            },
            "opera": {
              "version_added": true
            },
            "opera_android": {
              "version_added": true
            },
            "safari": {
              "version_added": null
            },
            "safari_ios": {
              "version_added": null
            },
            "samsunginternet_android": {
              "version_added": true
            },
            "webview_android": {
              "version_added": "≤37"
            }
          },
          "status": {
            "experimental": false,
            "standard_track": true,
            "deprecated": false
          }
        }
      },
      "drawElementsInstancedANGLE": {
        "__compat": {
          "mdn_url": "https://developer.mozilla.org/docs/Web/API/ANGLE_instanced_arrays/drawElementsInstancedANGLE",
          "support": {
            "chrome": {
              "version_added": "30"
            },
            "chrome_android": {
              "version_added": "30"
            },
            "edge": {
              "version_added": "12"
            },
            "firefox": {
              "version_added": "33"
            },
            "firefox_android": {
              "version_added": null
            },
            "ie": {
              "version_added": "11"
            },
            "opera": {
              "version_added": true
            },
            "opera_android": {
              "version_added": true
            },
            "safari": {
              "version_added": null
            },
            "safari_ios": {
              "version_added": null
            },
            "samsunginternet_android": {
              "version_added": true
            },
            "webview_android": {
              "version_added": "≤37"
            }
          },
          "status": {
            "experimental": false,
            "standard_track": true,
            "deprecated": false
          }
        }
      },
      "vertexAttribDivisorANGLE": {
        "__compat": {
          "mdn_url": "https://developer.mozilla.org/docs/Web/API/ANGLE_instanced_arrays/vertexAttribDivisorANGLE",
          "support": {
            "chrome": {
              "version_added": "30"
            },
            "chrome_android": {
              "version_added": "30"
            },
            "edge": {
              "version_added": "12"
            },
            "firefox": {
              "version_added": "33"
            },
            "firefox_android": {
              "version_added": null
            },
            "ie": {
              "version_added": "11"
            },
            "opera": {
              "version_added": true
            },
            "opera_android": {
              "version_added": true
            },
            "safari": {
              "version_added": null
            },
            "safari_ios": {
              "version_added": null
            },
            "samsunginternet_android": {
              "version_added": true
            },
            "webview_android": {
              "version_added": "≤37"
            }
          },
          "status": {
            "experimental": false,
            "standard_track": true,
            "deprecated": false
          }
        }
      }
    }
  }
}
