{
  "api": {
    "AudioBuffer": {
      "__compat": {
        "mdn_url": "https://developer.mozilla.org/docs/Web/API/AudioBuffer",
        "support": {
          "chrome": {
            "version_added": "14"
          },
          "chrome_android": {
            "version_added": "18"
          },
          "edge": {
            "version_added": "≤18"
          },
          "firefox": {
            "version_added": "25"
          },
          "firefox_android": {
            "version_added": "26"
          },
          "ie": {
            "version_added": false
          },
          "opera": {
            "version_added": "15"
          },
          "opera_android": {
            "version_added": "14"
          },
          "safari": {
            "version_added": "6"
          },
          "safari_ios": {
            "version_added": true
          },
          "samsunginternet_android": {
            "version_added": "1.0"
          },
          "webview_android": {
            "version_added": true
          }
        },
        "status": {
          "experimental": false,
          "standard_track": true,
          "deprecated": false
        }
      },
      "AudioBuffer": {
        "__compat": {
          "mdn_url": "https://developer.mozilla.org/docs/Web/API/AudioBuffer/AudioBuffer",
          "description": "<code>AudioBuffer()</code> constructor",
          "support": {
            "chrome": {
              "version_added": "55",
              "notes": "The <code>context</code> parameter was supported up until version 57, but has now been removed."
            },
            "chrome_android": {
              "version_added": "55",
              "notes": "The <code>context</code> parameter was supported up until version 57, but has now been removed."
            },
            "edge": {
              "version_added": "≤79"
            },
            "firefox": {
              "version_added": "53"
            },
            "firefox_android": {
              "version_added": "53"
            },
            "ie": {
              "version_added": false
            },
            "opera": {
              "version_added": "42",
              "notes": "The <code>context</code> parameter was supported up until version 44, but has now been removed."
            },
            "opera_android": {
              "version_added": "42",
              "notes": "The <code>context</code> parameter was supported up until version 44, but has now been removed."
            },
            "safari": {
              "version_added": null
            },
            "safari_ios": {
              "version_added": null
            },
            "samsunginternet_android": {
              "version_added": "6.0",
              "notes": "The <code>context</code> parameter was supported up until Samsung Internet 7.0, but has now been removed."
            },
            "webview_android": {
              "version_added": "55",
              "notes": "The <code>context</code> parameter was supported up until version 57, but has now been removed."
            }
          },
          "status": {
            "experimental": false,
            "standard_track": true,
            "deprecated": false
          }
        }
      },
      "copyFromChannel": {
        "__compat": {
          "mdn_url": "https://developer.mozilla.org/docs/Web/API/AudioBuffer/copyFromChannel",
          "support": {
            "chrome": {
              "version_added": "14"
            },
            "chrome_android": {
              "version_added": "18"
            },
            "edge": {
              "version_added": "13"
            },
            "firefox": {
              "version_added": "25"
            },
            "firefox_android": {
              "version_added": "26"
            },
            "ie": {
              "version_added": false
            },
            "opera": {
              "version_added": "15"
            },
            "opera_android": {
              "version_added": "14"
            },
            "safari": {
              "version_added": "6"
            },
            "safari_ios": {
              "version_added": null
            },
            "samsunginternet_android": {
              "version_added": "1.0"
            },
            "webview_android": {
              "version_added": true
            }
          },
          "status": {
            "experimental": false,
            "standard_track": true,
            "deprecated": false
          }
        }
      },
      "copyToChannel": {
        "__compat": {
          "mdn_url": "https://developer.mozilla.org/docs/Web/API/AudioBuffer/copyToChannel",
          "support": {
            "chrome": {
              "version_added": "14"
            },
            "chrome_android": {
              "version_added": "18"
            },
            "edge": {
              "version_added": "13"
            },
            "firefox": {
              "version_added": "25"
            },
            "firefox_android": {
              "version_added": "26"
            },
            "ie": {
              "version_added": false
            },
            "opera": {
              "version_added": "15"
            },
            "opera_android": {
              "version_added": "14"
            },
            "safari": {
              "version_added": "6"
            },
            "safari_ios": {
              "version_added": null
            },
            "samsunginternet_android": {
              "version_added": "1.0"
            },
            "webview_android": {
              "version_added": true
            }
          },
          "status": {
            "experimental": false,
            "standard_track": true,
            "deprecated": false
          }
        }
      },
      "duration": {
        "__compat": {
          "mdn_url": "https://developer.mozilla.org/docs/Web/API/AudioBuffer/duration",
          "support": {
            "chrome": {
              "version_added": "14"
            },
            "chrome_android": {
              "version_added": "18"
            },
            "edge": {
              "version_added": "12"
            },
            "firefox": {
              "version_added": "25"
            },
            "firefox_android": {
              "version_added": "26"
            },
            "ie": {
              "version_added": false
            },
            "opera": {
              "version_added": "15"
            },
            "opera_android": {
              "version_added": "14"
            },
            "safari": {
              "version_added": "6"
            },
            "safari_ios": {
              "version_added": true
            },
            "samsunginternet_android": {
              "version_added": "1.0"
            },
            "webview_android": {
              "version_added": true
            }
          },
          "status": {
            "experimental": false,
            "standard_track": true,
            "deprecated": false
          }
        }
      },
      "getChannelData": {
        "__compat": {
          "mdn_url": "https://developer.mozilla.org/docs/Web/API/AudioBuffer/getChannelData",
          "support": {
            "chrome": {
              "version_added": "14"
            },
            "chrome_android": {
              "version_added": "18"
            },
            "edge": {
              "version_added": "12"
            },
            "firefox": {
              "version_added": "25"
            },
            "firefox_android": {
              "version_added": "26"
            },
            "ie": {
              "version_added": false
            },
            "opera": {
              "version_added": "15"
            },
            "opera_android": {
              "version_added": "14"
            },
            "safari": {
              "version_added": "6"
            },
            "safari_ios": {
              "version_added": true
            },
            "samsunginternet_android": {
              "version_added": "1.0"
            },
            "webview_android": {
              "version_added": true
            }
          },
          "status": {
            "experimental": false,
            "standard_track": true,
            "deprecated": false
          }
        }
      },
      "length": {
        "__compat": {
          "mdn_url": "https://developer.mozilla.org/docs/Web/API/AudioBuffer/length",
          "support": {
            "chrome": {
              "version_added": "14"
            },
            "chrome_android": {
              "version_added": "18"
            },
            "edge": {
              "version_added": "12"
            },
            "firefox": {
              "version_added": "25"
            },
            "firefox_android": {
              "version_added": "26"
            },
            "ie": {
              "version_added": false
            },
            "opera": {
              "version_added": "15"
            },
            "opera_android": {
              "version_added": "14"
            },
            "safari": {
              "version_added": "6"
            },
            "safari_ios": {
              "version_added": true
            },
            "samsunginternet_android": {
              "version_added": "1.0"
            },
            "webview_android": {
              "version_added": true
            }
          },
          "status": {
            "experimental": false,
            "standard_track": true,
            "deprecated": false
          }
        }
      },
      "numberOfChannels": {
        "__compat": {
          "mdn_url": "https://developer.mozilla.org/docs/Web/API/AudioBuffer/numberOfChannels",
          "support": {
            "chrome": {
              "version_added": "14"
            },
            "chrome_android": {
              "version_added": "18"
            },
            "edge": {
              "version_added": "12"
            },
            "firefox": {
              "version_added": "25"
            },
            "firefox_android": {
              "version_added": "26"
            },
            "ie": {
              "version_added": false
            },
            "opera": {
              "version_added": "15"
            },
            "opera_android": {
              "version_added": "14"
            },
            "safari": {
              "version_added": "6"
            },
            "safari_ios": {
              "version_added": true
            },
            "samsunginternet_android": {
              "version_added": "1.0"
            },
            "webview_android": {
              "version_added": true
            }
          },
          "status": {
            "experimental": false,
            "standard_track": true,
            "deprecated": false
          }
        }
      },
      "sampleRate": {
        "__compat": {
          "mdn_url": "https://developer.mozilla.org/docs/Web/API/AudioBuffer/sampleRate",
          "support": {
            "chrome": {
              "version_added": "14"
            },
            "chrome_android": {
              "version_added": "18"
            },
            "edge": {
              "version_added": "12"
            },
            "firefox": {
              "version_added": "25"
            },
            "firefox_android": {
              "version_added": "26"
            },
            "ie": {
              "version_added": false
            },
            "opera": {
              "version_added": "15"
            },
            "opera_android": {
              "version_added": "14"
            },
            "safari": {
              "version_added": "6"
            },
            "safari_ios": {
              "version_added": true
            },
            "samsunginternet_android": {
              "version_added": "1.0"
            },
            "webview_android": {
              "version_added": true
            }
          },
          "status": {
            "experimental": false,
            "standard_track": true,
            "deprecated": false
          }
        }
      }
    }
  }
}
