{
  "api": {
    "AudioScheduledSourceNode": {
      "__compat": {
        "mdn_url": "https://developer.mozilla.org/docs/Web/API/AudioScheduledSourceNode",
        "support": {
          "chrome": [
            {
              "version_added": "57"
            },
            {
              "version_added": "14",
              "version_removed": "58",
              "alternative_name": "AudioSourceNode"
            }
          ],
          "chrome_android": [
            {
              "version_added": "57"
            },
            {
              "version_added": "18",
              "version_removed": "58",
              "alternative_name": "AudioSourceNode"
            }
          ],
          "edge": {
            "version_added": "≤79"
          },
          "firefox": [
            {
              "version_added": "53"
            },
            {
              "version_added": "25",
              "version_removed": "53",
              "alternative_name": "AudioSourceNode"
            }
          ],
          "firefox_android": [
            {
              "version_added": "53"
            },
            {
              "version_added": "25",
              "version_removed": "53",
              "alternative_name": "AudioSourceNode"
            }
          ],
          "ie": {
            "version_added": false
          },
          "opera": [
            {
              "version_added": "44"
            },
            {
              "version_added": "15",
              "version_removed": "44",
              "alternative_name": "AudioSourceNode"
            }
          ],
          "opera_android": [
            {
              "version_added": "44"
            },
            {
              "version_added": "14",
              "version_removed": "44",
              "alternative_name": "AudioSourceNode"
            }
          ],
          "safari": {
            "version_added": null
          },
          "safari_ios": {
            "version_added": null
          },
          "samsunginternet_android": [
            {
              "version_added": "7.0"
            },
            {
              "alternative_name": "AudioSourceNode",
              "version_added": "1.0",
              "version_removed": "7.0"
            }
          ],
          "webview_android": [
            {
              "version_added": "57"
            },
            {
              "version_added": true,
              "version_removed": "58",
              "alternative_name": "AudioSourceNode"
            }
          ]
        },
        "status": {
          "experimental": false,
          "standard_track": true,
          "deprecated": false
        }
      },
      "ended_event": {
        "__compat": {
          "description": "<code>ended</code> event",
          "mdn_url": "https://developer.mozilla.org/docs/Web/API/AudioScheduledSourceNode/ended_event",
          "support": {
            "chrome": {
              "version_added": "14"
            },
            "chrome_android": {
              "version_added": "18"
            },
            "edge": {
              "version_added": "≤79"
            },
            "firefox": {
              "version_added": "53"
            },
            "firefox_android": {
              "version_added": "25"
            },
            "ie": {
              "version_added": false
            },
            "opera": {
              "version_added": "15"
            },
            "opera_android": {
              "version_added": "14"
            },
            "safari": {
              "version_added": null
            },
            "safari_ios": {
              "version_added": null
            },
            "samsunginternet_android": {
              "version_added": "1.0"
            },
            "webview_android": {
              "version_added": true
            }
          },
          "status": {
            "experimental": false,
            "standard_track": true,
            "deprecated": false
          }
        }
      },
      "onended": {
        "__compat": {
          "mdn_url": "https://developer.mozilla.org/docs/Web/API/AudioScheduledSourceNode/onended",
          "support": {
            "chrome": {
              "version_added": "14"
            },
            "chrome_android": {
              "version_added": "18"
            },
            "edge": {
              "version_added": "≤79"
            },
            "firefox": {
              "version_added": "53"
            },
            "firefox_android": {
              "version_added": "25"
            },
            "ie": {
              "version_added": false
            },
            "opera": {
              "version_added": "15"
            },
            "opera_android": {
              "version_added": "14"
            },
            "safari": {
              "version_added": null
            },
            "safari_ios": {
              "version_added": null
            },
            "samsunginternet_android": {
              "version_added": "1.0"
            },
            "webview_android": {
              "version_added": true
            }
          },
          "status": {
            "experimental": false,
            "standard_track": true,
            "deprecated": false
          }
        }
      },
      "start": {
        "__compat": {
          "mdn_url": "https://developer.mozilla.org/docs/Web/API/AudioScheduledSourceNode/start",
          "support": {
            "chrome": {
              "version_added": "14"
            },
            "chrome_android": {
              "version_added": "18"
            },
            "edge": {
              "version_added": "≤79"
            },
            "firefox": {
              "version_added": "53"
            },
            "firefox_android": {
              "version_added": "25"
            },
            "ie": {
              "version_added": false
            },
            "opera": {
              "version_added": "15"
            },
            "opera_android": {
              "version_added": "14"
            },
            "safari": {
              "version_added": null
            },
            "safari_ios": {
              "version_added": null
            },
            "samsunginternet_android": {
              "version_added": "1.0"
            },
            "webview_android": {
              "version_added": true
            }
          },
          "status": {
            "experimental": false,
            "standard_track": true,
            "deprecated": false
          }
        }
      },
      "stop": {
        "__compat": {
          "mdn_url": "https://developer.mozilla.org/docs/Web/API/AudioScheduledSourceNode/stop",
          "support": {
            "chrome": {
              "version_added": "14"
            },
            "chrome_android": {
              "version_added": "18"
            },
            "edge": {
              "version_added": "≤79"
            },
            "firefox": {
              "version_added": "53"
            },
            "firefox_android": {
              "version_added": "25"
            },
            "ie": {
              "version_added": false
            },
            "opera": {
              "version_added": "15"
            },
            "opera_android": {
              "version_added": "14"
            },
            "safari": {
              "version_added": null
            },
            "safari_ios": {
              "version_added": null
            },
            "samsunginternet_android": {
              "version_added": "1.0"
            },
            "webview_android": {
              "version_added": true
            }
          },
          "status": {
            "experimental": false,
            "standard_track": true,
            "deprecated": false
          }
        }
      }
    }
  }
}
