{
  "api": {
    "BackgroundFetchUpdateUIEvent": {
      "__compat": {
        "mdn_url": "https://developer.mozilla.org/docs/Web/API/BackgroundFetchUpdateUIEvent",
        "support": {
          "chrome": {
            "version_added": "74"
          },
          "chrome_android": {
            "version_added": "74"
          },
          "edge": {
            "version_added": false
          },
          "firefox": {
            "version_added": false
          },
          "firefox_android": {
            "version_added": false
          },
          "ie": {
            "version_added": false
          },
          "opera": {
            "version_added": "62"
          },
          "opera_android": {
            "version_added": "53"
          },
          "safari": {
            "version_added": false
          },
          "safari_ios": {
            "version_added": false
          },
          "samsunginternet_android": {
            "version_added": "11.0"
          },
          "webview_android": {
            "version_added": false
          }
        },
        "status": {
          "experimental": true,
          "standard_track": true,
          "deprecated": false
        }
      },
      "BackgroundFetchUpdateUIEvent": {
        "__compat": {
          "mdn_url": "https://developer.mozilla.org/docs/Web/API/BackgroundFetchUpdateUIEvent/BackgroundFetchUpdateUIEvent",
          "description": "<code>BackgroundFetchUpdateUIEvent()</code> constructor",
          "support": {
            "chrome": {
              "version_added": "74"
            },
            "chrome_android": {
              "version_added": "74"
            },
            "edge": {
              "version_added": false
            },
            "firefox": {
              "version_added": false
            },
            "firefox_android": {
              "version_added": false
            },
            "ie": {
              "version_added": false
            },
            "opera": {
              "version_added": "62"
            },
            "opera_android": {
              "version_added": "53"
            },
            "safari": {
              "version_added": false
            },
            "safari_ios": {
              "version_added": false
            },
            "samsunginternet_android": {
              "version_added": "11.0"
            },
            "webview_android": {
              "version_added": false
            }
          },
          "status": {
            "experimental": true,
            "standard_track": true,
            "deprecated": false
          }
        }
      },
      "updateUI": {
        "__compat": {
          "mdn_url": "https://developer.mozilla.org/docs/Web/API/BackgroundFetchUpdateUIEvent/updateUI",
          "support": {
            "chrome": {
              "version_added": "74"
            },
            "chrome_android": {
              "version_added": "74"
            },
            "edge": {
              "version_added": false
            },
            "firefox": {
              "version_added": false
            },
            "firefox_android": {
              "version_added": false
            },
            "ie": {
              "version_added": false
            },
            "opera": {
              "version_added": "62"
            },
            "opera_android": {
              "version_added": "53"
            },
            "safari": {
              "version_added": false
            },
            "safari_ios": {
              "version_added": false
            },
            "samsunginternet_android": {
              "version_added": "11.0"
            },
            "webview_android": {
              "version_added": false
            }
          },
          "status": {
            "experimental": true,
            "standard_track": true,
            "deprecated": false
          }
        }
      }
    }
  }
}
