{
  "api": {
    "BatteryManager": {
      "__compat": {
        "mdn_url": "https://developer.mozilla.org/docs/Web/API/BatteryManager",
        "support": {
          "chrome": {
            "version_added": "38"
          },
          "chrome_android": {
            "version_added": "38",
            "notes": "Values for <a href='https://developer.mozilla.org/docs/Web/API/BatteryManager/chargingTime'><code>BatteryManager.chargingTime</code></a> and <a href='https://developer.mozilla.org/docs/Web/API/BatteryManager/dischargingTime'><code>BatteryManager.dischargingTime</code></a> are always equal to <code>Infinity</code>."
          },
          "edge": {
            "version_added": "79"
          },
          "firefox": [
            {
              "version_added": "16",
              "version_removed": "52"
            },
            {
              "version_added": "10",
              "version_removed": "16",
              "prefix": "moz"
            },
            {
              "version_added": "52",
              "flags": [
                {
                  "type": "preference",
                  "name": "dom.battery.enabled"
                }
              ],
              "notes": "Disabled by default in Firefox 10, but can be enabled setting the preference <code>dom.battery.enabled</code> to <code>true</code>. Starting with Firefox 11, <code>mozBattery</code> is enabled by default. The Battery API is currently supported on Android, Windows, and Linux with UPower installed. Support for MacOS is available starting with Firefox 18. Firefox also provides support for the deprecated <a href='https://developer.mozilla.org/docs/Web/API/Navigator/battery'><code>navigator.battery</code></a>."
            },
            {
              "version_added": "72",
              "notes": "From this version onwards, <code>BatteryManager</code> is only available in chrome/privileged code."
            }
          ],
          "firefox_android": [
            {
              "version_added": "10",
              "version_removed": "16",
              "prefix": "moz"
            },
            {
              "version_added": "16",
              "version_removed": "52",
              "flags": [
                {
                  "type": "preference",
                  "name": "dom.battery.enabled"
                }
              ],
              "notes": "Disabled by default in Firefox 10.0, but can be enabled setting the preference <code>dom.battery.enabled</code> to <code>true</code>. Starting with Firefox 11.0, <code>mozBattery</code> is enabled by default. The Battery API is currently supported on Android, Windows, and Linux with UPower installed. Support for MacOS is available starting with Gecko 18.0 (Firefox 18.0 / Thunderbird 18.0 / SeaMonkey 2.15). Firefox also provides support for the deprecated <a href='https://developer.mozilla.org/docs/Web/API/Navigator/battery'><code>navigator.battery</code></a>."
            }
          ],
          "ie": {
            "version_added": false
          },
          "opera": {
            "version_added": "25"
          },
          "opera_android": {
            "version_added": "25"
          },
          "safari": {
            "version_added": false
          },
          "safari_ios": {
            "version_added": true,
            "version_removed": true
          },
          "samsunginternet_android": {
            "version_added": "3.0",
            "notes": "Values for <a href='https://developer.mozilla.org/docs/Web/API/BatteryManager/chargingTime'><code>BatteryManager.chargingTime</code></a> and <a href='https://developer.mozilla.org/docs/Web/API/BatteryManager/dischargingTime'><code>BatteryManager.dischargingTime</code></a> are always equal to <code>Infinity</code>."
          },
          "webview_android": {
            "version_added": "40"
          }
        },
        "status": {
          "experimental": false,
          "standard_track": true,
          "deprecated": true
        }
      },
      "charging": {
        "__compat": {
          "mdn_url": "https://developer.mozilla.org/docs/Web/API/BatteryManager/charging",
          "support": {
            "chrome": {
              "version_added": "38"
            },
            "chrome_android": {
              "version_added": "38",
              "notes": "Values for <a href='https://developer.mozilla.org/docs/Web/API/BatteryManager/chargingTime'><code>BatteryManager.chargingTime</code></a> and <a href='https://developer.mozilla.org/docs/Web/API/BatteryManager/dischargingTime'><code>BatteryManager.dischargingTime</code></a> are always equal to <code>Infinity</code>."
            },
            "edge": {
              "version_added": "79"
            },
            "firefox": [
              {
                "version_added": "16",
                "version_removed": "52"
              },
              {
                "version_added": "10",
                "version_removed": "16",
                "prefix": "moz"
              },
              {
                "version_added": "52",
                "flags": [
                  {
                    "type": "preference",
                    "name": "dom.battery.enabled"
                  }
                ],
                "notes": "Disabled by default in Firefox 10, but can be enabled setting the preference <code>dom.battery.enabled</code> to <code>true</code>. Starting with Firefox 11, <code>mozBattery</code> is enabled by default. The Battery API is currently supported on Android, Windows, and Linux with UPower installed. Support for MacOS is available starting with Firefox 18. Firefox also provides support for the deprecated <a href='https://developer.mozilla.org/docs/Web/API/Navigator/battery'><code>navigator.battery</code></a>."
              },
              {
                "version_added": "72",
                "notes": "From this version onwards, <code>BatteryManager</code> is only available in chrome/privileged code."
              }
            ],
            "firefox_android": [
              {
                "version_added": "10",
                "version_removed": "16",
                "prefix": "moz"
              },
              {
                "version_added": "16",
                "version_removed": "52",
                "flags": [
                  {
                    "type": "preference",
                    "name": "dom.battery.enabled"
                  }
                ],
                "notes": "Disabled by default in Firefox 10.0, but can be enabled setting the preference <code>dom.battery.enabled</code> to <code>true</code>. Starting with Firefox 11.0, <code>mozBattery</code> is enabled by default. The Battery API is currently supported on Android, Windows, and Linux with UPower installed. Support for MacOS is available starting with Gecko 18.0 (Firefox 18.0 / Thunderbird 18.0 / SeaMonkey 2.15). Firefox also provides support for the deprecated <a href='https://developer.mozilla.org/docs/Web/API/Navigator/battery'><code>navigator.battery</code></a>."
              }
            ],
            "ie": {
              "version_added": false
            },
            "opera": {
              "version_added": "25"
            },
            "opera_android": {
              "version_added": "25"
            },
            "safari": {
              "version_added": false
            },
            "safari_ios": {
              "version_added": true,
              "version_removed": true
            },
            "samsunginternet_android": {
              "version_added": "3.0",
              "notes": "Values for <a href='https://developer.mozilla.org/docs/Web/API/BatteryManager/chargingTime'><code>BatteryManager.chargingTime</code></a> and <a href='https://developer.mozilla.org/docs/Web/API/BatteryManager/dischargingTime'><code>BatteryManager.dischargingTime</code></a> are always equal to <code>Infinity</code>."
            },
            "webview_android": {
              "version_added": "40"
            }
          },
          "status": {
            "experimental": false,
            "standard_track": true,
            "deprecated": true
          }
        }
      },
      "chargingTime": {
        "__compat": {
          "mdn_url": "https://developer.mozilla.org/docs/Web/API/BatteryManager/chargingTime",
          "support": {
            "chrome": {
              "version_added": "38"
            },
            "chrome_android": {
              "version_added": "38",
              "notes": "Values for <a href='https://developer.mozilla.org/docs/Web/API/BatteryManager/chargingTime'><code>BatteryManager.chargingTime</code></a> and <a href='https://developer.mozilla.org/docs/Web/API/BatteryManager/dischargingTime'><code>BatteryManager.dischargingTime</code></a> are always equal to <code>Infinity</code>."
            },
            "edge": {
              "version_added": "79"
            },
            "firefox": [
              {
                "version_added": "16",
                "version_removed": "52"
              },
              {
                "version_added": "10",
                "version_removed": "16",
                "prefix": "moz"
              },
              {
                "version_added": "52",
                "flags": [
                  {
                    "type": "preference",
                    "name": "dom.battery.enabled"
                  }
                ],
                "notes": "Disabled by default in Firefox 10, but can be enabled setting the preference <code>dom.battery.enabled</code> to <code>true</code>. Starting with Firefox 11, <code>mozBattery</code> is enabled by default. The Battery API is currently supported on Android, Windows, and Linux with UPower installed. Support for MacOS is available starting with Firefox 18. Firefox also provides support for the deprecated <a href='https://developer.mozilla.org/docs/Web/API/Navigator/battery'><code>navigator.battery</code></a>."
              },
              {
                "version_added": "72",
                "notes": "From this version onwards, <code>BatteryManager</code> is only available in chrome/privileged code."
              }
            ],
            "firefox_android": [
              {
                "version_added": "10",
                "version_removed": "16",
                "prefix": "moz"
              },
              {
                "version_added": "16",
                "version_removed": "52",
                "flags": [
                  {
                    "type": "preference",
                    "name": "dom.battery.enabled"
                  }
                ],
                "notes": "Disabled by default in Firefox 10.0, but can be enabled setting the preference <code>dom.battery.enabled</code> to <code>true</code>. Starting with Firefox 11.0, <code>mozBattery</code> is enabled by default. The Battery API is currently supported on Android, Windows, and Linux with UPower installed. Support for MacOS is available starting with Gecko 18.0 (Firefox 18.0 / Thunderbird 18.0 / SeaMonkey 2.15). Firefox also provides support for the deprecated <a href='https://developer.mozilla.org/docs/Web/API/Navigator/battery'><code>navigator.battery</code></a>."
              }
            ],
            "ie": {
              "version_added": false
            },
            "opera": {
              "version_added": "25"
            },
            "opera_android": {
              "version_added": "25"
            },
            "safari": {
              "version_added": false
            },
            "safari_ios": {
              "version_added": true,
              "version_removed": true
            },
            "samsunginternet_android": {
              "version_added": "3.0",
              "notes": "Values for <a href='https://developer.mozilla.org/docs/Web/API/BatteryManager/chargingTime'><code>BatteryManager.chargingTime</code></a> and <a href='https://developer.mozilla.org/docs/Web/API/BatteryManager/dischargingTime'><code>BatteryManager.dischargingTime</code></a> are always equal to <code>Infinity</code>."
            },
            "webview_android": {
              "version_added": "40"
            }
          },
          "status": {
            "experimental": false,
            "standard_track": true,
            "deprecated": true
          }
        }
      },
      "dischargingTime": {
        "__compat": {
          "mdn_url": "https://developer.mozilla.org/docs/Web/API/BatteryManager/dischargingTime",
          "support": {
            "chrome": {
              "version_added": "38"
            },
            "chrome_android": {
              "version_added": "38",
              "notes": "Values for <a href='https://developer.mozilla.org/docs/Web/API/BatteryManager/chargingTime'><code>BatteryManager.chargingTime</code></a> and <a href='https://developer.mozilla.org/docs/Web/API/BatteryManager/dischargingTime'><code>BatteryManager.dischargingTime</code></a> are always equal to <code>Infinity</code>."
            },
            "edge": {
              "version_added": "79"
            },
            "firefox": [
              {
                "version_added": "16",
                "version_removed": "52"
              },
              {
                "version_added": "10",
                "version_removed": "16",
                "prefix": "moz"
              },
              {
                "version_added": "52",
                "flags": [
                  {
                    "type": "preference",
                    "name": "dom.battery.enabled"
                  }
                ],
                "notes": "Disabled by default in Firefox 10, but can be enabled setting the preference <code>dom.battery.enabled</code> to <code>true</code>. Starting with Firefox 11, <code>mozBattery</code> is enabled by default. The Battery API is currently supported on Android, Windows, and Linux with UPower installed. Support for MacOS is available starting with Firefox 18. Firefox also provides support for the deprecated <a href='https://developer.mozilla.org/docs/Web/API/Navigator/battery'><code>navigator.battery</code></a>."
              },
              {
                "version_added": "72",
                "notes": "From this version onwards, <code>BatteryManager</code> is only available in chrome/privileged code."
              }
            ],
            "firefox_android": [
              {
                "version_added": "10",
                "version_removed": "16",
                "prefix": "moz"
              },
              {
                "version_added": "16",
                "version_removed": "52",
                "flags": [
                  {
                    "type": "preference",
                    "name": "dom.battery.enabled"
                  }
                ],
                "notes": "Disabled by default in Firefox 10.0, but can be enabled setting the preference <code>dom.battery.enabled</code> to <code>true</code>. Starting with Firefox 11.0, <code>mozBattery</code> is enabled by default. The Battery API is currently supported on Android, Windows, and Linux with UPower installed. Support for MacOS is available starting with Gecko 18.0 (Firefox 18.0 / Thunderbird 18.0 / SeaMonkey 2.15). Firefox also provides support for the deprecated <a href='https://developer.mozilla.org/docs/Web/API/Navigator/battery'><code>navigator.battery</code></a>."
              }
            ],
            "ie": {
              "version_added": false
            },
            "opera": {
              "version_added": "25"
            },
            "opera_android": {
              "version_added": "25"
            },
            "safari": {
              "version_added": false
            },
            "safari_ios": {
              "version_added": true,
              "version_removed": true
            },
            "samsunginternet_android": {
              "version_added": "3.0",
              "notes": "Values for <a href='https://developer.mozilla.org/docs/Web/API/BatteryManager/chargingTime'><code>BatteryManager.chargingTime</code></a> and <a href='https://developer.mozilla.org/docs/Web/API/BatteryManager/dischargingTime'><code>BatteryManager.dischargingTime</code></a> are always equal to <code>Infinity</code>."
            },
            "webview_android": {
              "version_added": "40"
            }
          },
          "status": {
            "experimental": false,
            "standard_track": true,
            "deprecated": true
          }
        }
      },
      "level": {
        "__compat": {
          "mdn_url": "https://developer.mozilla.org/docs/Web/API/BatteryManager/level",
          "support": {
            "chrome": {
              "version_added": "38"
            },
            "chrome_android": {
              "version_added": "38",
              "notes": "Values for <a href='https://developer.mozilla.org/docs/Web/API/BatteryManager/chargingTime'><code>BatteryManager.chargingTime</code></a> and <a href='https://developer.mozilla.org/docs/Web/API/BatteryManager/dischargingTime'><code>BatteryManager.dischargingTime</code></a> are always equal to <code>Infinity</code>."
            },
            "edge": {
              "version_added": "79"
            },
            "firefox": [
              {
                "version_added": "16",
                "version_removed": "52"
              },
              {
                "version_added": "10",
                "version_removed": "16",
                "prefix": "moz"
              },
              {
                "version_added": "52",
                "flags": [
                  {
                    "type": "preference",
                    "name": "dom.battery.enabled"
                  }
                ],
                "notes": "Disabled by default in Firefox 10, but can be enabled setting the preference <code>dom.battery.enabled</code> to <code>true</code>. Starting with Firefox 11, <code>mozBattery</code> is enabled by default. The Battery API is currently supported on Android, Windows, and Linux with UPower installed. Support for MacOS is available starting with Firefox 18. Firefox also provides support for the deprecated <a href='https://developer.mozilla.org/docs/Web/API/Navigator/battery'><code>navigator.battery</code></a>."
              },
              {
                "version_added": "72",
                "notes": "From this version onwards, <code>BatteryManager</code> is only available in chrome/privileged code."
              }
            ],
            "firefox_android": [
              {
                "version_added": "10",
                "version_removed": "16",
                "prefix": "moz"
              },
              {
                "version_added": "16",
                "version_removed": "52",
                "flags": [
                  {
                    "type": "preference",
                    "name": "dom.battery.enabled"
                  }
                ],
                "notes": "Disabled by default in Firefox 10.0, but can be enabled setting the preference <code>dom.battery.enabled</code> to <code>true</code>. Starting with Firefox 11.0, <code>mozBattery</code> is enabled by default. The Battery API is currently supported on Android, Windows, and Linux with UPower installed. Support for MacOS is available starting with Gecko 18.0 (Firefox 18.0 / Thunderbird 18.0 / SeaMonkey 2.15). Firefox also provides support for the deprecated <a href='https://developer.mozilla.org/docs/Web/API/Navigator/battery'><code>navigator.battery</code></a>."
              }
            ],
            "ie": {
              "version_added": false
            },
            "opera": {
              "version_added": "25"
            },
            "opera_android": {
              "version_added": "25"
            },
            "safari": {
              "version_added": false
            },
            "safari_ios": {
              "version_added": true,
              "version_removed": true
            },
            "samsunginternet_android": {
              "version_added": "3.0",
              "notes": "Values for <a href='https://developer.mozilla.org/docs/Web/API/BatteryManager/chargingTime'><code>BatteryManager.chargingTime</code></a> and <a href='https://developer.mozilla.org/docs/Web/API/BatteryManager/dischargingTime'><code>BatteryManager.dischargingTime</code></a> are always equal to <code>Infinity</code>."
            },
            "webview_android": {
              "version_added": "40"
            }
          },
          "status": {
            "experimental": false,
            "standard_track": true,
            "deprecated": true
          }
        }
      },
      "onchargingchange": {
        "__compat": {
          "mdn_url": "https://developer.mozilla.org/docs/Web/API/BatteryManager/onchargingchange",
          "support": {
            "chrome": {
              "version_added": "38"
            },
            "chrome_android": {
              "version_added": "38",
              "notes": "Values for <a href='https://developer.mozilla.org/docs/Web/API/BatteryManager/chargingTime'><code>BatteryManager.chargingTime</code></a> and <a href='https://developer.mozilla.org/docs/Web/API/BatteryManager/dischargingTime'><code>BatteryManager.dischargingTime</code></a> are always equal to <code>Infinity</code>."
            },
            "edge": {
              "version_added": "79"
            },
            "firefox": [
              {
                "version_added": "16",
                "version_removed": "52"
              },
              {
                "version_added": "10",
                "version_removed": "16",
                "prefix": "moz"
              },
              {
                "version_added": "52",
                "flags": [
                  {
                    "type": "preference",
                    "name": "dom.battery.enabled"
                  }
                ],
                "notes": "Disabled by default in Firefox 10, but can be enabled setting the preference <code>dom.battery.enabled</code> to <code>true</code>. Starting with Firefox 11, <code>mozBattery</code> is enabled by default. The Battery API is currently supported on Android, Windows, and Linux with UPower installed. Support for MacOS is available starting with Firefox 18. Firefox also provides support for the deprecated <a href='https://developer.mozilla.org/docs/Web/API/Navigator/battery'><code>navigator.battery</code></a>."
              },
              {
                "version_added": "72",
                "notes": "From this version onwards, <code>BatteryManager</code> is only available in chrome/privileged code."
              }
            ],
            "firefox_android": [
              {
                "version_added": "10",
                "version_removed": "16",
                "prefix": "moz"
              },
              {
                "version_added": "16",
                "version_removed": "52",
                "flags": [
                  {
                    "type": "preference",
                    "name": "dom.battery.enabled"
                  }
                ],
                "notes": "Disabled by default in Firefox 10.0, but can be enabled setting the preference <code>dom.battery.enabled</code> to <code>true</code>. Starting with Firefox 11.0, <code>mozBattery</code> is enabled by default. The Battery API is currently supported on Android, Windows, and Linux with UPower installed. Support for MacOS is available starting with Gecko 18.0 (Firefox 18.0 / Thunderbird 18.0 / SeaMonkey 2.15). Firefox also provides support for the deprecated <a href='https://developer.mozilla.org/docs/Web/API/Navigator/battery'><code>navigator.battery</code></a>."
              }
            ],
            "ie": {
              "version_added": false
            },
            "opera": {
              "version_added": "25"
            },
            "opera_android": {
              "version_added": "25"
            },
            "safari": {
              "version_added": false
            },
            "safari_ios": {
              "version_added": true,
              "version_removed": true
            },
            "samsunginternet_android": {
              "version_added": "3.0",
              "notes": "Values for <a href='https://developer.mozilla.org/docs/Web/API/BatteryManager/chargingTime'><code>BatteryManager.chargingTime</code></a> and <a href='https://developer.mozilla.org/docs/Web/API/BatteryManager/dischargingTime'><code>BatteryManager.dischargingTime</code></a> are always equal to <code>Infinity</code>."
            },
            "webview_android": {
              "version_added": "40"
            }
          },
          "status": {
            "experimental": false,
            "standard_track": true,
            "deprecated": true
          }
        }
      },
      "onchargingtimechange": {
        "__compat": {
          "mdn_url": "https://developer.mozilla.org/docs/Web/API/BatteryManager/onchargingtimechange",
          "support": {
            "chrome": {
              "version_added": "38"
            },
            "chrome_android": {
              "version_added": "38",
              "notes": "Values for <a href='https://developer.mozilla.org/docs/Web/API/BatteryManager/chargingTime'><code>BatteryManager.chargingTime</code></a> and <a href='https://developer.mozilla.org/docs/Web/API/BatteryManager/dischargingTime'><code>BatteryManager.dischargingTime</code></a> are always equal to <code>Infinity</code>."
            },
            "edge": {
              "version_added": "79"
            },
            "firefox": [
              {
                "version_added": "16",
                "version_removed": "52"
              },
              {
                "version_added": "10",
                "version_removed": "16",
                "prefix": "moz"
              },
              {
                "version_added": "52",
                "flags": [
                  {
                    "type": "preference",
                    "name": "dom.battery.enabled"
                  }
                ],
                "notes": "Disabled by default in Firefox 10, but can be enabled setting the preference <code>dom.battery.enabled</code> to <code>true</code>. Starting with Firefox 11, <code>mozBattery</code> is enabled by default. The Battery API is currently supported on Android, Windows, and Linux with UPower installed. Support for MacOS is available starting with Firefox 18. Firefox also provides support for the deprecated <a href='https://developer.mozilla.org/docs/Web/API/Navigator/battery'><code>navigator.battery</code></a>."
              },
              {
                "version_added": "72",
                "notes": "From this version onwards, <code>BatteryManager</code> is only available in chrome/privileged code."
              }
            ],
            "firefox_android": [
              {
                "version_added": "10",
                "version_removed": "16",
                "prefix": "moz"
              },
              {
                "version_added": "16",
                "version_removed": "52",
                "flags": [
                  {
                    "type": "preference",
                    "name": "dom.battery.enabled"
                  }
                ],
                "notes": "Disabled by default in Firefox 10.0, but can be enabled setting the preference <code>dom.battery.enabled</code> to <code>true</code>. Starting with Firefox 11.0, <code>mozBattery</code> is enabled by default. The Battery API is currently supported on Android, Windows, and Linux with UPower installed. Support for MacOS is available starting with Gecko 18.0 (Firefox 18.0 / Thunderbird 18.0 / SeaMonkey 2.15). Firefox also provides support for the deprecated <a href='https://developer.mozilla.org/docs/Web/API/Navigator/battery'><code>navigator.battery</code></a>."
              }
            ],
            "ie": {
              "version_added": false
            },
            "opera": {
              "version_added": "25"
            },
            "opera_android": {
              "version_added": "25"
            },
            "safari": {
              "version_added": false
            },
            "safari_ios": {
              "version_added": true,
              "version_removed": true
            },
            "samsunginternet_android": {
              "version_added": "3.0",
              "notes": "Values for <a href='https://developer.mozilla.org/docs/Web/API/BatteryManager/chargingTime'><code>BatteryManager.chargingTime</code></a> and <a href='https://developer.mozilla.org/docs/Web/API/BatteryManager/dischargingTime'><code>BatteryManager.dischargingTime</code></a> are always equal to <code>Infinity</code>."
            },
            "webview_android": {
              "version_added": "40"
            }
          },
          "status": {
            "experimental": false,
            "standard_track": true,
            "deprecated": true
          }
        }
      },
      "ondischargingtimechange": {
        "__compat": {
          "mdn_url": "https://developer.mozilla.org/docs/Web/API/BatteryManager/ondischargingtimechange",
          "support": {
            "chrome": {
              "version_added": "38"
            },
            "chrome_android": {
              "version_added": "38",
              "notes": "Values for <a href='https://developer.mozilla.org/docs/Web/API/BatteryManager/chargingTime'><code>BatteryManager.chargingTime</code></a> and <a href='https://developer.mozilla.org/docs/Web/API/BatteryManager/dischargingTime'><code>BatteryManager.dischargingTime</code></a> are always equal to <code>Infinity</code>."
            },
            "edge": {
              "version_added": "79"
            },
            "firefox": [
              {
                "version_added": "16",
                "version_removed": "52"
              },
              {
                "version_added": "10",
                "version_removed": "16",
                "prefix": "moz"
              },
              {
                "version_added": "52",
                "flags": [
                  {
                    "type": "preference",
                    "name": "dom.battery.enabled"
                  }
                ],
                "notes": "Disabled by default in Firefox 10, but can be enabled setting the preference <code>dom.battery.enabled</code> to <code>true</code>. Starting with Firefox 11, <code>mozBattery</code> is enabled by default. The Battery API is currently supported on Android, Windows, and Linux with UPower installed. Support for MacOS is available starting with Firefox 18. Firefox also provides support for the deprecated <a href='https://developer.mozilla.org/docs/Web/API/Navigator/battery'><code>navigator.battery</code></a>."
              },
              {
                "version_added": "72",
                "notes": "From this version onwards, <code>BatteryManager</code> is only available in chrome/privileged code."
              }
            ],
            "firefox_android": [
              {
                "version_added": "10",
                "version_removed": "16",
                "prefix": "moz"
              },
              {
                "version_added": "16",
                "version_removed": "52",
                "flags": [
                  {
                    "type": "preference",
                    "name": "dom.battery.enabled"
                  }
                ],
                "notes": "Disabled by default in Firefox 10.0, but can be enabled setting the preference <code>dom.battery.enabled</code> to <code>true</code>. Starting with Firefox 11.0, <code>mozBattery</code> is enabled by default. The Battery API is currently supported on Android, Windows, and Linux with UPower installed. Support for MacOS is available starting with Gecko 18.0 (Firefox 18.0 / Thunderbird 18.0 / SeaMonkey 2.15). Firefox also provides support for the deprecated <a href='https://developer.mozilla.org/docs/Web/API/Navigator/battery'><code>navigator.battery</code></a>."
              }
            ],
            "ie": {
              "version_added": false
            },
            "opera": {
              "version_added": "25"
            },
            "opera_android": {
              "version_added": "25"
            },
            "safari": {
              "version_added": false
            },
            "safari_ios": {
              "version_added": true,
              "version_removed": true
            },
            "samsunginternet_android": {
              "version_added": "3.0",
              "notes": "Values for <a href='https://developer.mozilla.org/docs/Web/API/BatteryManager/chargingTime'><code>BatteryManager.chargingTime</code></a> and <a href='https://developer.mozilla.org/docs/Web/API/BatteryManager/dischargingTime'><code>BatteryManager.dischargingTime</code></a> are always equal to <code>Infinity</code>."
            },
            "webview_android": {
              "version_added": "40"
            }
          },
          "status": {
            "experimental": false,
            "standard_track": true,
            "deprecated": true
          }
        }
      },
      "onlevelchange": {
        "__compat": {
          "mdn_url": "https://developer.mozilla.org/docs/Web/API/BatteryManager/onlevelchange",
          "support": {
            "chrome": {
              "version_added": "38"
            },
            "chrome_android": {
              "version_added": "38",
              "notes": "Values for <a href='https://developer.mozilla.org/docs/Web/API/BatteryManager/chargingTime'><code>BatteryManager.chargingTime</code></a> and <a href='https://developer.mozilla.org/docs/Web/API/BatteryManager/dischargingTime'><code>BatteryManager.dischargingTime</code></a> are always equal to <code>Infinity</code>."
            },
            "edge": {
              "version_added": "79"
            },
            "firefox": [
              {
                "version_added": "16",
                "version_removed": "52"
              },
              {
                "version_added": "10",
                "version_removed": "16",
                "prefix": "moz"
              },
              {
                "version_added": "52",
                "flags": [
                  {
                    "type": "preference",
                    "name": "dom.battery.enabled"
                  }
                ],
                "notes": "Disabled by default in Firefox 10, but can be enabled setting the preference <code>dom.battery.enabled</code> to <code>true</code>. Starting with Firefox 11, <code>mozBattery</code> is enabled by default. The Battery API is currently supported on Android, Windows, and Linux with UPower installed. Support for MacOS is available starting with Firefox 18. Firefox also provides support for the deprecated <a href='https://developer.mozilla.org/docs/Web/API/Navigator/battery'><code>navigator.battery</code></a>."
              },
              {
                "version_added": "72",
                "notes": "From this version onwards, <code>BatteryManager</code> is only available in chrome/privileged code."
              }
            ],
            "firefox_android": [
              {
                "version_added": "10",
                "version_removed": "16",
                "prefix": "moz"
              },
              {
                "version_added": "16",
                "version_removed": "52",
                "flags": [
                  {
                    "type": "preference",
                    "name": "dom.battery.enabled"
                  }
                ],
                "notes": "Disabled by default in Firefox 10.0, but can be enabled setting the preference <code>dom.battery.enabled</code> to <code>true</code>. Starting with Firefox 11.0, <code>mozBattery</code> is enabled by default. The Battery API is currently supported on Android, Windows, and Linux with UPower installed. Support for MacOS is available starting with Gecko 18.0 (Firefox 18.0 / Thunderbird 18.0 / SeaMonkey 2.15). Firefox also provides support for the deprecated <a href='https://developer.mozilla.org/docs/Web/API/Navigator/battery'><code>navigator.battery</code></a>."
              }
            ],
            "ie": {
              "version_added": false
            },
            "opera": {
              "version_added": "25"
            },
            "opera_android": {
              "version_added": "25"
            },
            "safari": {
              "version_added": false
            },
            "safari_ios": {
              "version_added": true,
              "version_removed": true
            },
            "samsunginternet_android": {
              "version_added": "3.0",
              "notes": "Values for <a href='https://developer.mozilla.org/docs/Web/API/BatteryManager/chargingTime'><code>BatteryManager.chargingTime</code></a> and <a href='https://developer.mozilla.org/docs/Web/API/BatteryManager/dischargingTime'><code>BatteryManager.dischargingTime</code></a> are always equal to <code>Infinity</code>."
            },
            "webview_android": {
              "version_added": "40"
            }
          },
          "status": {
            "experimental": false,
            "standard_track": true,
            "deprecated": true
          }
        }
      }
    }
  }
}
