{
  "api": {
    "Blob": {
      "__compat": {
        "mdn_url": "https://developer.mozilla.org/docs/Web/API/Blob",
        "support": {
          "chrome": {
            "version_added": "5"
          },
          "chrome_android": {
            "version_added": "18"
          },
          "edge": {
            "version_added": "12"
          },
          "firefox": {
            "version_added": "4"
          },
          "firefox_android": {
            "version_added": "14"
          },
          "ie": {
            "version_added": "10"
          },
          "opera": {
            "version_added": "11"
          },
          "opera_android": {
            "version_added": "11"
          },
          "safari": {
            "version_added": "5.1"
          },
          "safari_ios": {
            "version_added": "6"
          },
          "samsunginternet_android": {
            "version_added": "1.0"
          },
          "webview_android": {
            "version_added": "≤37"
          }
        },
        "status": {
          "experimental": false,
          "standard_track": true,
          "deprecated": false
        }
      },
      "Blob": {
        "__compat": {
          "mdn_url": "https://developer.mozilla.org/docs/Web/API/Blob/Blob",
          "description": "<code>Blob()</code> constructor",
          "support": {
            "chrome": {
              "version_added": "20"
            },
            "chrome_android": {
              "version_added": "25"
            },
            "edge": {
              "version_added": "12"
            },
            "firefox": {
              "version_added": "13",
              "notes": "Before Firefox 16, the second parameter, when set to <code>null</code> or <code>undefined</code>, leads to an error instead of being handled as an empty dictionary."
            },
            "firefox_android": {
              "version_added": "14",
              "notes": "Before Firefox 16, the second parameter, when set to <code>null</code> or <code>undefined</code>, leads to an error instead of being handled as an empty dictionary."
            },
            "ie": {
              "version_added": "10"
            },
            "opera": {
              "version_added": "12"
            },
            "opera_android": {
              "version_added": "12"
            },
            "safari": {
              "version_added": "8"
            },
            "safari_ios": {
              "version_added": "8"
            },
            "samsunginternet_android": {
              "version_added": "1.5"
            },
            "webview_android": {
              "version_added": "37"
            }
          },
          "status": {
            "experimental": false,
            "standard_track": true,
            "deprecated": false
          }
        }
      },
      "arrayBuffer": {
        "__compat": {
          "mdn_url": "https://developer.mozilla.org/docs/Web/API/Blob/arrayBuffer",
          "description": "<code>arrayBuffer()</code>",
          "support": {
            "chrome": {
              "version_added": "76"
            },
            "chrome_android": {
              "version_added": "76"
            },
            "edge": {
              "version_added": "79"
            },
            "firefox": {
              "version_added": "69"
            },
            "firefox_android": {
              "version_added": false
            },
            "ie": {
              "version_added": false
            },
            "opera": {
              "version_added": false
            },
            "opera_android": {
              "version_added": "54"
            },
            "safari": {
              "version_added": false
            },
            "safari_ios": {
              "version_added": false
            },
            "samsunginternet_android": {
              "version_added": false
            },
            "webview_android": {
              "version_added": "76"
            }
          },
          "status": {
            "experimental": false,
            "standard_track": true,
            "deprecated": false
          }
        }
      },
      "size": {
        "__compat": {
          "mdn_url": "https://developer.mozilla.org/docs/Web/API/Blob/size",
          "support": {
            "chrome": {
              "version_added": "5"
            },
            "chrome_android": {
              "version_added": "18"
            },
            "edge": {
              "version_added": "12"
            },
            "firefox": {
              "version_added": "4"
            },
            "firefox_android": {
              "version_added": false
            },
            "ie": {
              "version_added": "10"
            },
            "opera": {
              "version_added": "11"
            },
            "opera_android": {
              "version_added": false
            },
            "safari": {
              "version_added": "5.1"
            },
            "safari_ios": {
              "version_added": false
            },
            "samsunginternet_android": {
              "version_added": "1.0"
            },
            "webview_android": {
              "version_added": false
            }
          },
          "status": {
            "experimental": false,
            "standard_track": true,
            "deprecated": false
          }
        }
      },
      "slice": {
        "__compat": {
          "mdn_url": "https://developer.mozilla.org/docs/Web/API/Blob/slice",
          "description": "<code>slice()</code>",
          "support": {
            "chrome": [
              {
                "version_added": "21"
              },
              {
                "version_added": "5",
                "version_removed": "25",
                "prefix": "webkit"
              }
            ],
            "chrome_android": [
              {
                "version_added": "25"
              },
              {
                "version_added": "18",
                "version_removed": "25",
                "prefix": "webkit"
              }
            ],
            "edge": {
              "version_added": "12"
            },
            "firefox": [
              {
                "version_added": "13",
                "notes": "Prior to Firefox 12, there was a bug that affected the behavior of <code>Blob.slice()</code>; it did not work for <code>start</code> and <code>end</code> positions outside the range of signed 64-bit values; it has now been fixed to support unsigned 64-bit values."
              },
              {
                "version_added": "5",
                "version_removed": "13",
                "prefix": "moz"
              }
            ],
            "firefox_android": {
              "version_added": "14"
            },
            "ie": {
              "version_added": "10"
            },
            "opera": {
              "version_added": "12"
            },
            "opera_android": {
              "version_added": true
            },
            "safari": {
              "version_added": "5.1",
              "prefix": "webkit"
            },
            "safari_ios": {
              "version_added": true
            },
            "samsunginternet_android": [
              {
                "version_added": "1.5"
              },
              {
                "prefix": "webkit",
                "version_added": "1.0",
                "version_removed": "1.5"
              }
            ],
            "webview_android": {
              "version_added": true
            }
          },
          "status": {
            "experimental": false,
            "standard_track": true,
            "deprecated": false
          }
        }
      },
      "stream": {
        "__compat": {
          "mdn_url": "https://developer.mozilla.org/docs/Web/API/Blob/stream",
          "description": "<code>stream()</code>",
          "support": {
            "chrome": {
              "version_added": "76"
            },
            "chrome_android": {
              "version_added": "76"
            },
            "edge": {
              "version_added": "79"
            },
            "firefox": {
              "version_added": "69"
            },
            "firefox_android": {
              "version_added": false
            },
            "ie": {
              "version_added": false
            },
            "opera": {
              "version_added": false
            },
            "opera_android": {
              "version_added": "54"
            },
            "safari": {
              "version_added": false
            },
            "safari_ios": {
              "version_added": false
            },
            "samsunginternet_android": {
              "version_added": false
            },
            "webview_android": {
              "version_added": "76"
            }
          },
          "status": {
            "experimental": false,
            "standard_track": true,
            "deprecated": false
          }
        }
      },
      "text": {
        "__compat": {
          "mdn_url": "https://developer.mozilla.org/docs/Web/API/Blob/text",
          "description": "<code>text()</code>",
          "support": {
            "chrome": {
              "version_added": "76"
            },
            "chrome_android": {
              "version_added": "76"
            },
            "edge": {
              "version_added": "79"
            },
            "firefox": {
              "version_added": "69"
            },
            "firefox_android": {
              "version_added": false
            },
            "ie": {
              "version_added": false
            },
            "opera": {
              "version_added": false
            },
            "opera_android": {
              "version_added": "54"
            },
            "safari": {
              "version_added": false
            },
            "safari_ios": {
              "version_added": false
            },
            "samsunginternet_android": {
              "version_added": false
            },
            "webview_android": {
              "version_added": "76"
            }
          },
          "status": {
            "experimental": false,
            "standard_track": true,
            "deprecated": false
          }
        }
      },
      "type": {
        "__compat": {
          "mdn_url": "https://developer.mozilla.org/docs/Web/API/Blob/type",
          "support": {
            "chrome": {
              "version_added": "5"
            },
            "chrome_android": {
              "version_added": "18"
            },
            "edge": {
              "version_added": "12"
            },
            "firefox": {
              "version_added": "4"
            },
            "firefox_android": {
              "version_added": false
            },
            "ie": {
              "version_added": "10"
            },
            "opera": {
              "version_added": "11"
            },
            "opera_android": {
              "version_added": false
            },
            "safari": {
              "version_added": "5.1"
            },
            "safari_ios": {
              "version_added": false
            },
            "samsunginternet_android": {
              "version_added": "1.0"
            },
            "webview_android": {
              "version_added": false
            }
          },
          "status": {
            "experimental": false,
            "standard_track": true,
            "deprecated": false
          }
        }
      }
    }
  }
}
