{
  "api": {
    "BlobBuilder": {
      "__compat": {
        "mdn_url": "https://developer.mozilla.org/docs/Web/API/BlobBuilder",
        "support": {
          "chrome": {
            "version_added": "8",
            "prefix": "Webkit"
          },
          "chrome_android": {
            "version_added": "18",
            "prefix": "Webkit"
          },
          "edge": [
            {
              "version_added": "79",
              "prefix": "Webkit"
            },
            {
              "version_added": "≤18",
              "version_removed": "79"
            },
            {
              "version_added": "12",
              "version_removed": "79",
              "prefix": "MS"
            }
          ],
          "firefox": {
            "version_added": "6",
            "version_removed": "18",
            "prefix": "Moz",
            "notes": "Starting in Firefox 14, using <code>MozBlobBuilder</code> will show a warning message in the web console that the use of <code>MozBlobBuilder</code> is deprecated and suggests to use <a href='https://developer.mozilla.org/docs/Web/API/Blob'><code>Blob</code></a> constructor instead."
          },
          "firefox_android": {
            "version_added": "6",
            "version_removed": "18",
            "prefix": "Moz",
            "notes": "Starting in Firefox 14, using <code>MozBlobBuilder</code> will show a warning message in the web console that the use of <code>MozBlobBuilder</code> is deprecated and suggests to use <a href='https://developer.mozilla.org/docs/Web/API/Blob'><code>Blob</code></a> constructor instead."
          },
          "ie": {
            "version_added": "10",
            "prefix": "MS"
          },
          "opera": {
            "version_added": false
          },
          "opera_android": {
            "version_added": false
          },
          "safari": {
            "version_added": false
          },
          "safari_ios": {
            "version_added": false
          },
          "samsunginternet_android": {
            "version_added": "1.0",
            "prefix": "Webkit"
          },
          "webview_android": {
            "version_added": "3",
            "prefix": "Webkit"
          }
        },
        "status": {
          "experimental": false,
          "standard_track": false,
          "deprecated": true
        }
      }
    }
  }
}
