{
  "api": {
    "BluetoothRemoteGATTDescriptor": {
      "__compat": {
        "mdn_url": "https://developer.mozilla.org/docs/Web/API/BluetoothRemoteGATTDescriptor",
        "support": {
          "chrome": [
            {
              "version_added": "57",
              "notes": "macOS only."
            },
            {
              "version_added": "57",
              "notes": "Linux and versions of Windows earlier than 10.",
              "flags": [
                {
                  "type": "preference",
                  "name": "#enable-experimental-web-platform-features",
                  "value_to_set": "enabled"
                }
              ]
            },
            {
              "version_added": "70",
              "notes": "Windows 10."
            }
          ],
          "chrome_android": {
            "version_added": "57"
          },
          "edge": [
            {
              "version_added": "≤79",
              "notes": "macOS only."
            },
            {
              "version_added": "≤79",
              "notes": "Linux and versions of Windows earlier than 10.",
              "flags": [
                {
                  "type": "preference",
                  "name": "#enable-experimental-web-platform-features",
                  "value_to_set": "enabled"
                }
              ]
            },
            {
              "version_added": "≤79",
              "notes": "Windows 10."
            }
          ],
          "firefox": {
            "version_added": false
          },
          "firefox_android": {
            "version_added": false
          },
          "ie": {
            "version_added": false
          },
          "opera": [
            {
              "version_added": "44",
              "notes": "macOS only."
            },
            {
              "version_added": "44",
              "notes": "Linux and versions of Windows earlier than 10.",
              "flags": [
                {
                  "type": "preference",
                  "name": "#enable-experimental-web-platform-features",
                  "value_to_set": "enabled"
                }
              ]
            },
            {
              "version_added": "57",
              "notes": "Windows 10."
            }
          ],
          "opera_android": {
            "version_added": "44"
          },
          "safari": {
            "version_added": false
          },
          "safari_ios": {
            "version_added": false
          },
          "samsunginternet_android": {
            "version_added": "7.0"
          },
          "webview_android": {
            "version_added": false
          }
        },
        "status": {
          "experimental": true,
          "standard_track": true,
          "deprecated": false
        }
      },
      "characteristic": {
        "__compat": {
          "mdn_url": "https://developer.mozilla.org/docs/Web/API/BluetoothRemoteGATTDescriptor/characteristic",
          "support": {
            "chrome": [
              {
                "version_added": "57",
                "notes": "macOS only."
              },
              {
                "version_added": "57",
                "notes": "Linux and versions of Windows earlier than 10.",
                "flags": [
                  {
                    "type": "preference",
                    "name": "#enable-experimental-web-platform-features",
                    "value_to_set": "enabled"
                  }
                ]
              },
              {
                "version_added": "70",
                "notes": "Windows 10."
              }
            ],
            "chrome_android": {
              "version_added": "57"
            },
            "edge": [
              {
                "version_added": "≤79",
                "notes": "macOS only."
              },
              {
                "version_added": "≤79",
                "notes": "Linux and versions of Windows earlier than 10.",
                "flags": [
                  {
                    "type": "preference",
                    "name": "#enable-experimental-web-platform-features",
                    "value_to_set": "enabled"
                  }
                ]
              },
              {
                "version_added": "≤79",
                "notes": "Windows 10."
              }
            ],
            "firefox": {
              "version_added": false
            },
            "firefox_android": {
              "version_added": false
            },
            "ie": {
              "version_added": false
            },
            "opera": [
              {
                "version_added": "44",
                "notes": "macOS only."
              },
              {
                "version_added": "44",
                "notes": "Linux and versions of Windows earlier than 10.",
                "flags": [
                  {
                    "type": "preference",
                    "name": "#enable-experimental-web-platform-features",
                    "value_to_set": "enabled"
                  }
                ]
              },
              {
                "version_added": "57",
                "notes": "Windows 10."
              }
            ],
            "opera_android": {
              "version_added": "44"
            },
            "safari": {
              "version_added": false
            },
            "safari_ios": {
              "version_added": false
            },
            "samsunginternet_android": {
              "version_added": "7.0"
            },
            "webview_android": {
              "version_added": false
            }
          },
          "status": {
            "experimental": true,
            "standard_track": true,
            "deprecated": false
          }
        }
      },
      "readValue": {
        "__compat": {
          "mdn_url": "https://developer.mozilla.org/docs/Web/API/BluetoothRemoteGATTDescriptor/readValue",
          "support": {
            "chrome": [
              {
                "version_added": "57",
                "notes": "macOS only."
              },
              {
                "version_added": "57",
                "notes": "Linux and versions of Windows earlier than 10.",
                "flags": [
                  {
                    "type": "preference",
                    "name": "#enable-experimental-web-platform-features",
                    "value_to_set": "enabled"
                  }
                ]
              },
              {
                "version_added": "70",
                "notes": "Windows 10."
              }
            ],
            "chrome_android": {
              "version_added": "57"
            },
            "edge": [
              {
                "version_added": "≤79",
                "notes": "macOS only."
              },
              {
                "version_added": "≤79",
                "notes": "Linux and versions of Windows earlier than 10.",
                "flags": [
                  {
                    "type": "preference",
                    "name": "#enable-experimental-web-platform-features",
                    "value_to_set": "enabled"
                  }
                ]
              },
              {
                "version_added": "≤79",
                "notes": "Windows 10."
              }
            ],
            "firefox": {
              "version_added": false
            },
            "firefox_android": {
              "version_added": false
            },
            "ie": {
              "version_added": false
            },
            "opera": [
              {
                "version_added": "44",
                "notes": "macOS only."
              },
              {
                "version_added": "44",
                "notes": "Linux and versions of Windows earlier than 10.",
                "flags": [
                  {
                    "type": "preference",
                    "name": "#enable-experimental-web-platform-features",
                    "value_to_set": "enabled"
                  }
                ]
              },
              {
                "version_added": "57",
                "notes": "Windows 10."
              }
            ],
            "opera_android": {
              "version_added": "44"
            },
            "safari": {
              "version_added": false
            },
            "safari_ios": {
              "version_added": false
            },
            "samsunginternet_android": {
              "version_added": "7.0"
            },
            "webview_android": {
              "version_added": false
            }
          },
          "status": {
            "experimental": true,
            "standard_track": true,
            "deprecated": false
          }
        }
      },
      "uuid": {
        "__compat": {
          "mdn_url": "https://developer.mozilla.org/docs/Web/API/BluetoothRemoteGATTDescriptor/uuid",
          "support": {
            "chrome": [
              {
                "version_added": "57",
                "notes": "macOS only."
              },
              {
                "version_added": "57",
                "notes": "Linux and versions of Windows earlier than 10.",
                "flags": [
                  {
                    "type": "preference",
                    "name": "#enable-experimental-web-platform-features",
                    "value_to_set": "enabled"
                  }
                ]
              },
              {
                "version_added": "70",
                "notes": "Windows 10."
              }
            ],
            "chrome_android": {
              "version_added": "57"
            },
            "edge": [
              {
                "version_added": "≤79",
                "notes": "macOS only."
              },
              {
                "version_added": "≤79",
                "notes": "Linux and versions of Windows earlier than 10.",
                "flags": [
                  {
                    "type": "preference",
                    "name": "#enable-experimental-web-platform-features",
                    "value_to_set": "enabled"
                  }
                ]
              },
              {
                "version_added": "≤79",
                "notes": "Windows 10."
              }
            ],
            "firefox": {
              "version_added": false
            },
            "firefox_android": {
              "version_added": false
            },
            "ie": {
              "version_added": false
            },
            "opera": [
              {
                "version_added": "44",
                "notes": "macOS only."
              },
              {
                "version_added": "44",
                "notes": "Linux and versions of Windows earlier than 10.",
                "flags": [
                  {
                    "type": "preference",
                    "name": "#enable-experimental-web-platform-features",
                    "value_to_set": "enabled"
                  }
                ]
              },
              {
                "version_added": "57",
                "notes": "Windows 10."
              }
            ],
            "opera_android": {
              "version_added": "44"
            },
            "safari": {
              "version_added": false
            },
            "safari_ios": {
              "version_added": false
            },
            "samsunginternet_android": {
              "version_added": "7.0"
            },
            "webview_android": {
              "version_added": false
            }
          },
          "status": {
            "experimental": true,
            "standard_track": true,
            "deprecated": false
          }
        }
      },
      "value": {
        "__compat": {
          "mdn_url": "https://developer.mozilla.org/docs/Web/API/BluetoothRemoteGATTDescriptor/value",
          "support": {
            "chrome": [
              {
                "version_added": "57",
                "notes": "macOS only."
              },
              {
                "version_added": "57",
                "notes": "Linux and versions of Windows earlier than 10.",
                "flags": [
                  {
                    "type": "preference",
                    "name": "#enable-experimental-web-platform-features",
                    "value_to_set": "enabled"
                  }
                ]
              },
              {
                "version_added": "70",
                "notes": "Windows 10."
              }
            ],
            "chrome_android": {
              "version_added": "57"
            },
            "edge": [
              {
                "version_added": "≤79",
                "notes": "macOS only."
              },
              {
                "version_added": "≤79",
                "notes": "Linux and versions of Windows earlier than 10.",
                "flags": [
                  {
                    "type": "preference",
                    "name": "#enable-experimental-web-platform-features",
                    "value_to_set": "enabled"
                  }
                ]
              },
              {
                "version_added": "≤79",
                "notes": "Windows 10."
              }
            ],
            "firefox": {
              "version_added": false
            },
            "firefox_android": {
              "version_added": false
            },
            "ie": {
              "version_added": false
            },
            "opera": [
              {
                "version_added": "44",
                "notes": "macOS only."
              },
              {
                "version_added": "44",
                "notes": "Linux and versions of Windows earlier than 10.",
                "flags": [
                  {
                    "type": "preference",
                    "name": "#enable-experimental-web-platform-features",
                    "value_to_set": "enabled"
                  }
                ]
              },
              {
                "version_added": "57",
                "notes": "Windows 10."
              }
            ],
            "opera_android": {
              "version_added": "44"
            },
            "safari": {
              "version_added": false
            },
            "safari_ios": {
              "version_added": false
            },
            "samsunginternet_android": {
              "version_added": "7.0"
            },
            "webview_android": {
              "version_added": false
            }
          },
          "status": {
            "experimental": true,
            "standard_track": true,
            "deprecated": false
          }
        }
      },
      "writeValue": {
        "__compat": {
          "mdn_url": "https://developer.mozilla.org/docs/Web/API/BluetoothRemoteGATTDescriptor/writeValue",
          "support": {
            "chrome": [
              {
                "version_added": "57",
                "notes": "macOS only."
              },
              {
                "version_added": "57",
                "notes": "Linux and versions of Windows earlier than 10.",
                "flags": [
                  {
                    "type": "preference",
                    "name": "#enable-experimental-web-platform-features",
                    "value_to_set": "enabled"
                  }
                ]
              },
              {
                "version_added": "70",
                "notes": "Windows 10."
              }
            ],
            "chrome_android": {
              "version_added": "57"
            },
            "edge": [
              {
                "version_added": "≤79",
                "notes": "macOS only."
              },
              {
                "version_added": "≤79",
                "notes": "Linux and versions of Windows earlier than 10.",
                "flags": [
                  {
                    "type": "preference",
                    "name": "#enable-experimental-web-platform-features",
                    "value_to_set": "enabled"
                  }
                ]
              },
              {
                "version_added": "≤79",
                "notes": "Windows 10."
              }
            ],
            "firefox": {
              "version_added": false
            },
            "firefox_android": {
              "version_added": false
            },
            "ie": {
              "version_added": false
            },
            "opera": [
              {
                "version_added": "44",
                "notes": "macOS only."
              },
              {
                "version_added": "44",
                "notes": "Linux and versions of Windows earlier than 10.",
                "flags": [
                  {
                    "type": "preference",
                    "name": "#enable-experimental-web-platform-features",
                    "value_to_set": "enabled"
                  }
                ]
              },
              {
                "version_added": "57",
                "notes": "Windows 10."
              }
            ],
            "opera_android": {
              "version_added": "44"
            },
            "safari": {
              "version_added": false
            },
            "safari_ios": {
              "version_added": false
            },
            "samsunginternet_android": {
              "version_added": "7.0"
            },
            "webview_android": {
              "version_added": false
            }
          },
          "status": {
            "experimental": true,
            "standard_track": true,
            "deprecated": false
          }
        }
      }
    }
  }
}
