{
  "api": {
    "BluetoothRemoteGATTService": {
      "__compat": {
        "mdn_url": "https://developer.mozilla.org/docs/Web/API/BluetoothRemoteGATTService",
        "support": {
          "chrome": [
            {
              "version_added": "56",
              "notes": "macOS only."
            },
            {
              "version_added": "56",
              "notes": "Linux and versions of Windows earlier than 10.",
              "flags": [
                {
                  "type": "preference",
                  "name": "#enable-experimental-web-platform-features",
                  "value_to_set": "enabled"
                }
              ]
            },
            {
              "version_added": "70",
              "notes": "Windows 10."
            }
          ],
          "chrome_android": {
            "version_added": "56"
          },
          "edge": [
            {
              "version_added": "≤79",
              "notes": "macOS only."
            },
            {
              "version_added": "≤79",
              "notes": "Linux and versions of Windows earlier than 10.",
              "flags": [
                {
                  "type": "preference",
                  "name": "#enable-experimental-web-platform-features",
                  "value_to_set": "enabled"
                }
              ]
            },
            {
              "version_added": "≤79",
              "notes": "Windows 10."
            }
          ],
          "firefox": {
            "version_added": false
          },
          "firefox_android": {
            "version_added": false
          },
          "ie": {
            "version_added": false
          },
          "opera": [
            {
              "version_added": "43",
              "notes": "macOS only."
            },
            {
              "version_added": "43",
              "notes": "Linux and versions of Windows earlier than 10.",
              "flags": [
                {
                  "type": "preference",
                  "name": "#enable-experimental-web-platform-features",
                  "value_to_set": "enabled"
                }
              ]
            },
            {
              "version_added": "57",
              "notes": "Windows 10."
            }
          ],
          "opera_android": {
            "version_added": "43"
          },
          "safari": {
            "version_added": false
          },
          "safari_ios": {
            "version_added": false
          },
          "samsunginternet_android": {
            "version_added": "6.0"
          },
          "webview_android": {
            "version_added": false
          }
        },
        "status": {
          "experimental": true,
          "standard_track": true,
          "deprecated": false
        }
      },
      "device": {
        "__compat": {
          "mdn_url": "https://developer.mozilla.org/docs/Web/API/BluetoothRemoteGATTService/device",
          "support": {
            "chrome": {
              "version_added": false
            },
            "chrome_android": {
              "version_added": false
            },
            "edge": {
              "version_added": false
            },
            "firefox": {
              "version_added": false
            },
            "firefox_android": {
              "version_added": false
            },
            "ie": {
              "version_added": false
            },
            "opera": [
              {
                "version_added": "43",
                "notes": "macOS only."
              },
              {
                "version_added": "43",
                "notes": "Linux and versions of Windows earlier than 10.",
                "flags": [
                  {
                    "type": "preference",
                    "name": "#enable-experimental-web-platform-features",
                    "value_to_set": "enabled"
                  }
                ]
              },
              {
                "version_added": "57",
                "notes": "Windows 10."
              }
            ],
            "opera_android": {
              "version_added": "43"
            },
            "safari": {
              "version_added": false
            },
            "safari_ios": {
              "version_added": false
            },
            "samsunginternet_android": {
              "version_added": false
            },
            "webview_android": {
              "version_added": false
            }
          },
          "status": {
            "experimental": true,
            "standard_track": true,
            "deprecated": false
          }
        }
      },
      "getCharacteristic": {
        "__compat": {
          "mdn_url": "https://developer.mozilla.org/docs/Web/API/BluetoothRemoteGATTService/getCharacteristic",
          "support": {
            "chrome": [
              {
                "version_added": "56",
                "notes": "macOS only."
              },
              {
                "version_added": "56",
                "notes": "Linux and versions of Windows earlier than 10.",
                "flags": [
                  {
                    "type": "preference",
                    "name": "#enable-experimental-web-platform-features",
                    "value_to_set": "enabled"
                  }
                ]
              },
              {
                "version_added": "70",
                "notes": "Windows 10."
              }
            ],
            "chrome_android": {
              "version_added": "56"
            },
            "edge": [
              {
                "version_added": "≤79",
                "notes": "macOS only."
              },
              {
                "version_added": "≤79",
                "notes": "Linux and versions of Windows earlier than 10.",
                "flags": [
                  {
                    "type": "preference",
                    "name": "#enable-experimental-web-platform-features",
                    "value_to_set": "enabled"
                  }
                ]
              },
              {
                "version_added": "≤79",
                "notes": "Windows 10."
              }
            ],
            "firefox": {
              "version_added": false
            },
            "firefox_android": {
              "version_added": false
            },
            "ie": {
              "version_added": false
            },
            "opera": [
              {
                "version_added": "43",
                "notes": "macOS only."
              },
              {
                "version_added": "43",
                "notes": "Linux and versions of Windows earlier than 10.",
                "flags": [
                  {
                    "type": "preference",
                    "name": "#enable-experimental-web-platform-features",
                    "value_to_set": "enabled"
                  }
                ]
              },
              {
                "version_added": "57",
                "notes": "Windows 10."
              }
            ],
            "opera_android": {
              "version_added": "43"
            },
            "safari": {
              "version_added": false
            },
            "safari_ios": {
              "version_added": false
            },
            "samsunginternet_android": {
              "version_added": "6.0"
            },
            "webview_android": {
              "version_added": false
            }
          },
          "status": {
            "experimental": true,
            "standard_track": true,
            "deprecated": false
          }
        }
      },
      "getCharacteristics": {
        "__compat": {
          "mdn_url": "https://developer.mozilla.org/docs/Web/API/BluetoothRemoteGATTService/getCharacteristics",
          "support": {
            "chrome": {
              "version_added": false
            },
            "chrome_android": {
              "version_added": false
            },
            "edge": {
              "version_added": false
            },
            "firefox": {
              "version_added": false
            },
            "firefox_android": {
              "version_added": false
            },
            "ie": {
              "version_added": false
            },
            "opera": {
              "version_added": true
            },
            "opera_android": {
              "version_added": true
            },
            "safari": {
              "version_added": false
            },
            "safari_ios": {
              "version_added": false
            },
            "samsunginternet_android": {
              "version_added": false
            },
            "webview_android": {
              "version_added": false
            }
          },
          "status": {
            "experimental": true,
            "standard_track": true,
            "deprecated": false
          }
        }
      },
      "getIncludedService": {
        "__compat": {
          "mdn_url": "https://developer.mozilla.org/docs/Web/API/BluetoothRemoteGATTService/getIncludedService",
          "support": {
            "chrome": {
              "version_added": false
            },
            "chrome_android": {
              "version_added": false
            },
            "edge": {
              "version_added": false
            },
            "firefox": {
              "version_added": false
            },
            "firefox_android": {
              "version_added": false
            },
            "ie": {
              "version_added": false
            },
            "opera": {
              "version_added": null
            },
            "opera_android": {
              "version_added": null
            },
            "safari": {
              "version_added": false
            },
            "safari_ios": {
              "version_added": false
            },
            "samsunginternet_android": {
              "version_added": false
            },
            "webview_android": {
              "version_added": false
            }
          },
          "status": {
            "experimental": true,
            "standard_track": true,
            "deprecated": false
          }
        }
      },
      "getIncludedServices": {
        "__compat": {
          "mdn_url": "https://developer.mozilla.org/docs/Web/API/BluetoothRemoteGATTService/getIncludedServices",
          "support": {
            "chrome": [
              {
                "version_added": "56",
                "notes": "macOS only."
              },
              {
                "version_added": "56",
                "notes": "Linux and versions of Windows earlier than 10.",
                "flags": [
                  {
                    "type": "preference",
                    "name": "#enable-experimental-web-platform-features",
                    "value_to_set": "enabled"
                  }
                ]
              },
              {
                "version_added": "70",
                "notes": "Windows 10."
              }
            ],
            "chrome_android": {
              "version_added": "56"
            },
            "edge": [
              {
                "version_added": "≤79",
                "notes": "macOS only."
              },
              {
                "version_added": "≤79",
                "notes": "Linux and versions of Windows earlier than 10.",
                "flags": [
                  {
                    "type": "preference",
                    "name": "#enable-experimental-web-platform-features",
                    "value_to_set": "enabled"
                  }
                ]
              },
              {
                "version_added": "≤79",
                "notes": "Windows 10."
              }
            ],
            "firefox": {
              "version_added": false
            },
            "firefox_android": {
              "version_added": false
            },
            "ie": {
              "version_added": false
            },
            "opera": [
              {
                "version_added": "43",
                "notes": "macOS only."
              },
              {
                "version_added": "43",
                "notes": "Linux and versions of Windows earlier than 10.",
                "flags": [
                  {
                    "type": "preference",
                    "name": "#enable-experimental-web-platform-features",
                    "value_to_set": "enabled"
                  }
                ]
              },
              {
                "version_added": "57",
                "notes": "Windows 10."
              }
            ],
            "opera_android": {
              "version_added": "43"
            },
            "safari": {
              "version_added": false
            },
            "safari_ios": {
              "version_added": false
            },
            "samsunginternet_android": {
              "version_added": "6.0"
            },
            "webview_android": {
              "version_added": false
            }
          },
          "status": {
            "experimental": true,
            "standard_track": true,
            "deprecated": false
          }
        }
      },
      "isPrimary": {
        "__compat": {
          "mdn_url": "https://developer.mozilla.org/docs/Web/API/BluetoothRemoteGATTService/isPrimary",
          "support": {
            "chrome": {
              "version_added": false
            },
            "chrome_android": {
              "version_added": false
            },
            "edge": {
              "version_added": false
            },
            "firefox": {
              "version_added": false
            },
            "firefox_android": {
              "version_added": false
            },
            "ie": {
              "version_added": false
            },
            "opera": {
              "version_added": true
            },
            "opera_android": {
              "version_added": true
            },
            "safari": {
              "version_added": false
            },
            "safari_ios": {
              "version_added": false
            },
            "samsunginternet_android": {
              "version_added": false
            },
            "webview_android": {
              "version_added": false
            }
          },
          "status": {
            "experimental": true,
            "standard_track": true,
            "deprecated": false
          }
        }
      },
      "uuid": {
        "__compat": {
          "mdn_url": "https://developer.mozilla.org/docs/Web/API/BluetoothRemoteGATTService/uuid",
          "support": {
            "chrome": [
              {
                "version_added": "56",
                "notes": "macOS only."
              },
              {
                "version_added": "56",
                "notes": "Linux and versions of Windows earlier than 10.",
                "flags": [
                  {
                    "type": "preference",
                    "name": "#enable-experimental-web-platform-features",
                    "value_to_set": "enabled"
                  }
                ]
              },
              {
                "version_added": "70",
                "notes": "Windows 10."
              }
            ],
            "chrome_android": {
              "version_added": "56"
            },
            "edge": [
              {
                "version_added": "≤79",
                "notes": "macOS only."
              },
              {
                "version_added": "≤79",
                "notes": "Linux and versions of Windows earlier than 10.",
                "flags": [
                  {
                    "type": "preference",
                    "name": "#enable-experimental-web-platform-features",
                    "value_to_set": "enabled"
                  }
                ]
              },
              {
                "version_added": "≤79",
                "notes": "Windows 10."
              }
            ],
            "firefox": {
              "version_added": false
            },
            "firefox_android": {
              "version_added": false
            },
            "ie": {
              "version_added": false
            },
            "opera": [
              {
                "version_added": "43",
                "notes": "macOS only."
              },
              {
                "version_added": "43",
                "notes": "Linux and versions of Windows earlier than 10.",
                "flags": [
                  {
                    "type": "preference",
                    "name": "#enable-experimental-web-platform-features",
                    "value_to_set": "enabled"
                  }
                ]
              },
              {
                "version_added": "57",
                "notes": "Windows 10."
              }
            ],
            "opera_android": {
              "version_added": "43"
            },
            "safari": {
              "version_added": false
            },
            "safari_ios": {
              "version_added": false
            },
            "samsunginternet_android": {
              "version_added": "6.0"
            },
            "webview_android": {
              "version_added": false
            }
          },
          "status": {
            "experimental": true,
            "standard_track": true,
            "deprecated": false
          }
        }
      }
    }
  }
}
