{
  "api": {
    "BroadcastChannel": {
      "__compat": {
        "mdn_url": "https://developer.mozilla.org/docs/Web/API/BroadcastChannel",
        "support": {
          "chrome": {
            "version_added": "54"
          },
          "chrome_android": {
            "version_added": "54"
          },
          "edge": {
            "version_added": "≤79"
          },
          "firefox": {
            "version_added": "38"
          },
          "ie": {
            "version_added": false
          },
          "opera": {
            "version_added": "41"
          },
          "opera_android": {
            "version_added": "41"
          },
          "safari": {
            "version_added": false
          },
          "safari_ios": {
            "version_added": false
          },
          "samsunginternet_android": {
            "version_added": "6.0"
          },
          "webview_android": {
            "version_added": "54"
          }
        },
        "status": {
          "experimental": false,
          "standard_track": true,
          "deprecated": false
        }
      },
      "BroadcastChannel": {
        "__compat": {
          "mdn_url": "https://developer.mozilla.org/docs/Web/API/BroadcastChannel/BroadcastChannel",
          "description": "<code>BroadcastChannel()</code> constructor",
          "support": {
            "chrome": {
              "version_added": "54"
            },
            "chrome_android": {
              "version_added": "54"
            },
            "edge": {
              "version_added": "≤79"
            },
            "firefox": {
              "version_added": "38"
            },
            "ie": {
              "version_added": false
            },
            "opera": {
              "version_added": "41"
            },
            "opera_android": {
              "version_added": "41"
            },
            "safari": {
              "version_added": false
            },
            "safari_ios": {
              "version_added": false
            },
            "samsunginternet_android": {
              "version_added": "6.0"
            },
            "webview_android": {
              "version_added": "54"
            }
          },
          "status": {
            "experimental": false,
            "standard_track": true,
            "deprecated": false
          }
        }
      },
      "close": {
        "__compat": {
          "mdn_url": "https://developer.mozilla.org/docs/Web/API/BroadcastChannel/close",
          "support": {
            "chrome": {
              "version_added": "54"
            },
            "chrome_android": {
              "version_added": "54"
            },
            "edge": {
              "version_added": "≤79"
            },
            "firefox": {
              "version_added": "38"
            },
            "ie": {
              "version_added": false
            },
            "opera": {
              "version_added": "41"
            },
            "opera_android": {
              "version_added": "41"
            },
            "safari": {
              "version_added": false
            },
            "safari_ios": {
              "version_added": false
            },
            "samsunginternet_android": {
              "version_added": "6.0"
            },
            "webview_android": {
              "version_added": "54"
            }
          },
          "status": {
            "experimental": false,
            "standard_track": true,
            "deprecated": false
          }
        }
      },
      "message_event": {
        "__compat": {
          "description": "<code>message</code> event",
          "mdn_url": "https://developer.mozilla.org/docs/Web/API/BroadcastChannel/message_event",
          "support": {
            "chrome": {
              "version_added": "54"
            },
            "chrome_android": {
              "version_added": "54"
            },
            "edge": {
              "version_added": "≤79"
            },
            "firefox": {
              "version_added": "38"
            },
            "ie": {
              "version_added": false
            },
            "opera": {
              "version_added": "41"
            },
            "opera_android": {
              "version_added": "41"
            },
            "safari": {
              "version_added": false
            },
            "safari_ios": {
              "version_added": false
            },
            "samsunginternet_android": {
              "version_added": "6.0"
            },
            "webview_android": {
              "version_added": "54"
            }
          },
          "status": {
            "experimental": false,
            "standard_track": true,
            "deprecated": false
          }
        }
      },
      "messageerror_event": {
        "__compat": {
          "description": "<code>messageerror</code> event",
          "mdn_url": "https://developer.mozilla.org/docs/Web/API/BroadcastChannel/messageerror_event",
          "support": {
            "chrome": {
              "version_added": "60"
            },
            "chrome_android": {
              "version_added": "60"
            },
            "edge": {
              "version_added": "≤79"
            },
            "firefox": {
              "version_added": "57"
            },
            "ie": {
              "version_added": false
            },
            "opera": {
              "version_added": "47"
            },
            "opera_android": {
              "version_added": "47"
            },
            "safari": {
              "version_added": false
            },
            "safari_ios": {
              "version_added": false
            },
            "samsunginternet_android": {
              "version_added": "8.0"
            },
            "webview_android": {
              "version_added": "60"
            }
          },
          "status": {
            "experimental": false,
            "standard_track": true,
            "deprecated": false
          }
        }
      },
      "name": {
        "__compat": {
          "mdn_url": "https://developer.mozilla.org/docs/Web/API/BroadcastChannel/name",
          "support": {
            "chrome": {
              "version_added": "54"
            },
            "chrome_android": {
              "version_added": "54"
            },
            "edge": {
              "version_added": "≤79"
            },
            "firefox": {
              "version_added": "38"
            },
            "ie": {
              "version_added": false
            },
            "opera": {
              "version_added": "41"
            },
            "opera_android": {
              "version_added": "41"
            },
            "safari": {
              "version_added": false
            },
            "safari_ios": {
              "version_added": false
            },
            "samsunginternet_android": {
              "version_added": "6.0"
            },
            "webview_android": {
              "version_added": "54"
            }
          },
          "status": {
            "experimental": false,
            "standard_track": true,
            "deprecated": false
          }
        }
      },
      "onmessage": {
        "__compat": {
          "mdn_url": "https://developer.mozilla.org/docs/Web/API/BroadcastChannel/onmessage",
          "support": {
            "chrome": {
              "version_added": "54"
            },
            "chrome_android": {
              "version_added": "54"
            },
            "edge": {
              "version_added": "≤79"
            },
            "firefox": {
              "version_added": "38"
            },
            "ie": {
              "version_added": false
            },
            "opera": {
              "version_added": "41"
            },
            "opera_android": {
              "version_added": "41"
            },
            "safari": {
              "version_added": false
            },
            "safari_ios": {
              "version_added": false
            },
            "samsunginternet_android": {
              "version_added": "6.0"
            },
            "webview_android": {
              "version_added": "54"
            }
          },
          "status": {
            "experimental": false,
            "standard_track": true,
            "deprecated": false
          }
        }
      },
      "onmessageerror": {
        "__compat": {
          "mdn_url": "https://developer.mozilla.org/docs/Web/API/BroadcastChannel/onmessageerror",
          "support": {
            "chrome": {
              "version_added": "60"
            },
            "chrome_android": {
              "version_added": "60"
            },
            "edge": {
              "version_added": "≤79"
            },
            "firefox": {
              "version_added": "57"
            },
            "ie": {
              "version_added": false
            },
            "opera": {
              "version_added": "47"
            },
            "opera_android": {
              "version_added": "44"
            },
            "safari": {
              "version_added": false
            },
            "safari_ios": {
              "version_added": false
            },
            "samsunginternet_android": {
              "version_added": "8.0"
            },
            "webview_android": {
              "version_added": "60"
            }
          },
          "status": {
            "experimental": false,
            "standard_track": true,
            "deprecated": false
          }
        }
      },
      "postMessage": {
        "__compat": {
          "mdn_url": "https://developer.mozilla.org/docs/Web/API/BroadcastChannel/postMessage",
          "support": {
            "chrome": {
              "version_added": "54"
            },
            "chrome_android": {
              "version_added": "54"
            },
            "edge": {
              "version_added": "≤79"
            },
            "firefox": {
              "version_added": "38"
            },
            "ie": {
              "version_added": false
            },
            "opera": {
              "version_added": "41"
            },
            "opera_android": {
              "version_added": "41"
            },
            "safari": {
              "version_added": false
            },
            "safari_ios": {
              "version_added": false
            },
            "samsunginternet_android": {
              "version_added": "6.0"
            },
            "webview_android": {
              "version_added": "54"
            }
          },
          "status": {
            "experimental": false,
            "standard_track": true,
            "deprecated": false
          }
        }
      }
    }
  }
}
