{
  "api": {
    "BudgetService": {
      "__compat": {
        "mdn_url": "https://developer.mozilla.org/docs/Web/API/BudgetService",
        "support": {
          "chrome": {
            "version_added": "55"
          },
          "chrome_android": {
            "version_added": "55"
          },
          "edge": {
            "version_added": "≤79"
          },
          "firefox": {
            "version_added": null
          },
          "ie": {
            "version_added": null
          },
          "opera": {
            "version_added": "42"
          },
          "opera_android": {
            "version_added": "42"
          },
          "safari": {
            "version_added": null
          },
          "samsunginternet_android": {
            "version_added": "6.0"
          },
          "webview_android": {
            "version_added": "55"
          }
        },
        "status": {
          "experimental": true,
          "standard_track": true,
          "deprecated": false
        }
      },
      "getBudget": {
        "__compat": {
          "mdn_url": "https://developer.mozilla.org/docs/Web/API/BudgetService/getBudget",
          "support": {
            "chrome": {
              "version_added": "55"
            },
            "chrome_android": {
              "version_added": "55"
            },
            "edge": {
              "version_added": "≤79"
            },
            "firefox": {
              "version_added": null
            },
            "ie": {
              "version_added": null
            },
            "opera": {
              "version_added": "42"
            },
            "opera_android": {
              "version_added": "42"
            },
            "safari": {
              "version_added": null
            },
            "samsunginternet_android": {
              "version_added": "6.0"
            },
            "webview_android": {
              "version_added": "55"
            }
          },
          "status": {
            "experimental": true,
            "standard_track": true,
            "deprecated": false
          }
        }
      },
      "getCost": {
        "__compat": {
          "mdn_url": "https://developer.mozilla.org/docs/Web/API/BudgetService/getCost",
          "support": {
            "chrome": {
              "version_added": "55"
            },
            "chrome_android": {
              "version_added": "55"
            },
            "edge": {
              "version_added": "≤79"
            },
            "firefox": {
              "version_added": null
            },
            "ie": {
              "version_added": null
            },
            "opera": {
              "version_added": "42"
            },
            "opera_android": {
              "version_added": "42"
            },
            "safari": {
              "version_added": null
            },
            "samsunginternet_android": {
              "version_added": "6.0"
            },
            "webview_android": {
              "version_added": "55"
            }
          },
          "status": {
            "experimental": true,
            "standard_track": true,
            "deprecated": false
          }
        }
      },
      "reserve": {
        "__compat": {
          "mdn_url": "https://developer.mozilla.org/docs/Web/API/BudgetService/reserve",
          "support": {
            "chrome": {
              "version_added": "55"
            },
            "chrome_android": {
              "version_added": "55"
            },
            "edge": {
              "version_added": "≤79"
            },
            "firefox": {
              "version_added": null
            },
            "ie": {
              "version_added": null
            },
            "opera": {
              "version_added": "42"
            },
            "opera_android": {
              "version_added": "42"
            },
            "safari": {
              "version_added": null
            },
            "samsunginternet_android": {
              "version_added": "6.0"
            },
            "webview_android": {
              "version_added": "55"
            }
          },
          "status": {
            "experimental": true,
            "standard_track": true,
            "deprecated": false
          }
        }
      }
    }
  }
}
