{
  "api": {
    "CanvasGradient": {
      "__compat": {
        "mdn_url": "https://developer.mozilla.org/docs/Web/API/CanvasGradient",
        "support": {
          "chrome": {
            "version_added": "4"
          },
          "chrome_android": {
            "version_added": "18"
          },
          "edge": {
            "version_added": "12"
          },
          "firefox": {
            "version_added": "3.6",
            "notes": "Before Firefox 5.0, specifying non-finite values when adding color stops through a call to <code>addColorStop()</code> incorrectly throws <code>SYNTAX_ERR</code> instead of <code>INDEX_SIZE_ERR</code>."
          },
          "firefox_android": {
            "version_added": "4"
          },
          "ie": {
            "version_added": "9"
          },
          "opera": {
            "version_added": "9"
          },
          "opera_android": {
            "version_added": "10.1"
          },
          "safari": {
            "version_added": "3.1"
          },
          "safari_ios": {
            "version_added": "3.2"
          },
          "samsunginternet_android": {
            "version_added": "1.0"
          },
          "webview_android": {
            "version_added": true
          }
        },
        "status": {
          "experimental": false,
          "standard_track": true,
          "deprecated": false
        }
      },
      "addColorStop": {
        "__compat": {
          "mdn_url": "https://developer.mozilla.org/docs/Web/API/CanvasGradient/addColorStop",
          "support": {
            "chrome": {
              "version_added": true
            },
            "chrome_android": {
              "version_added": true
            },
            "edge": {
              "version_added": "12"
            },
            "firefox": {
              "version_added": "3.6"
            },
            "firefox_android": {
              "version_added": "4"
            },
            "ie": {
              "version_added": true
            },
            "opera": {
              "version_added": true
            },
            "opera_android": {
              "version_added": true
            },
            "safari": {
              "version_added": true
            },
            "safari_ios": {
              "version_added": true
            },
            "samsunginternet_android": {
              "version_added": true
            },
            "webview_android": {
              "version_added": true
            }
          },
          "status": {
            "experimental": false,
            "standard_track": true,
            "deprecated": false
          }
        }
      }
    }
  }
}
