{
  "api": {
    "ChildNode": {
      "__compat": {
        "mdn_url": "https://developer.mozilla.org/docs/Web/API/ChildNode",
        "support": {
          "chrome": {
            "version_added": "1"
          },
          "chrome_android": {
            "version_added": true
          },
          "edge": {
            "version_added": "12"
          },
          "firefox": {
            "version_added": "23"
          },
          "firefox_android": {
            "version_added": "23"
          },
          "ie": {
            "version_added": "9"
          },
          "opera": {
            "version_added": "10"
          },
          "opera_android": {
            "version_added": "10.1"
          },
          "safari": {
            "version_added": "4"
          },
          "safari_ios": {
            "version_added": true
          },
          "samsunginternet_android": {
            "version_added": true
          },
          "webview_android": {
            "version_added": true
          }
        },
        "status": {
          "experimental": false,
          "standard_track": true,
          "deprecated": false
        }
      },
      "after": {
        "__compat": {
          "mdn_url": "https://developer.mozilla.org/docs/Web/API/ChildNode/after",
          "support": {
            "chrome": {
              "version_added": "54"
            },
            "chrome_android": {
              "version_added": "54"
            },
            "edge": {
              "version_added": "17"
            },
            "firefox": {
              "version_added": "49"
            },
            "firefox_android": {
              "version_added": "49"
            },
            "ie": {
              "version_added": false
            },
            "opera": {
              "version_added": "39"
            },
            "opera_android": {
              "version_added": "41"
            },
            "safari": {
              "version_added": false
            },
            "safari_ios": {
              "version_added": false
            },
            "samsunginternet_android": {
              "version_added": "6.0"
            },
            "webview_android": {
              "version_added": "54"
            }
          },
          "status": {
            "experimental": true,
            "standard_track": true,
            "deprecated": false
          }
        }
      },
      "before": {
        "__compat": {
          "mdn_url": "https://developer.mozilla.org/docs/Web/API/ChildNode/before",
          "support": {
            "chrome": {
              "version_added": "54"
            },
            "chrome_android": {
              "version_added": "54"
            },
            "edge": {
              "version_added": "17"
            },
            "firefox": {
              "version_added": "49"
            },
            "firefox_android": {
              "version_added": "49"
            },
            "ie": {
              "version_added": false
            },
            "opera": {
              "version_added": "39"
            },
            "opera_android": {
              "version_added": "41"
            },
            "safari": {
              "version_added": false
            },
            "safari_ios": {
              "version_added": false
            },
            "samsunginternet_android": {
              "version_added": "6.0"
            },
            "webview_android": {
              "version_added": "54"
            }
          },
          "status": {
            "experimental": true,
            "standard_track": true,
            "deprecated": false
          }
        }
      },
      "remove": {
        "__compat": {
          "mdn_url": "https://developer.mozilla.org/docs/Web/API/ChildNode/remove",
          "support": {
            "chrome": {
              "version_added": "23"
            },
            "chrome_android": {
              "version_added": "25"
            },
            "edge": {
              "version_added": "12"
            },
            "firefox": {
              "version_added": "23"
            },
            "firefox_android": {
              "version_added": "23"
            },
            "ie": {
              "version_added": false
            },
            "opera": {
              "version_added": "15"
            },
            "opera_android": {
              "version_added": "14"
            },
            "safari": {
              "version_added": "7"
            },
            "safari_ios": {
              "version_added": "7"
            },
            "samsunginternet_android": {
              "version_added": "1.5"
            },
            "webview_android": {
              "version_added": "≤37"
            }
          },
          "status": {
            "experimental": false,
            "standard_track": true,
            "deprecated": false
          }
        }
      },
      "replaceWith": {
        "__compat": {
          "mdn_url": "https://developer.mozilla.org/docs/Web/API/ChildNode/replaceWith",
          "support": {
            "chrome": {
              "version_added": "54"
            },
            "chrome_android": {
              "version_added": "54"
            },
            "edge": {
              "version_added": "17"
            },
            "firefox": {
              "version_added": "49"
            },
            "firefox_android": {
              "version_added": "49"
            },
            "ie": {
              "version_added": false
            },
            "opera": {
              "version_added": "39"
            },
            "opera_android": {
              "version_added": "41"
            },
            "safari": {
              "version_added": true
            },
            "safari_ios": {
              "version_added": true
            },
            "samsunginternet_android": {
              "version_added": "6.0"
            },
            "webview_android": {
              "version_added": "54"
            }
          },
          "status": {
            "experimental": false,
            "standard_track": true,
            "deprecated": false
          }
        }
      }
    }
  }
}
