{
  "api": {
    "CredentialsContainer": {
      "__compat": {
        "mdn_url": "https://developer.mozilla.org/docs/Web/API/CredentialsContainer",
        "support": {
          "chrome": {
            "version_added": "51"
          },
          "chrome_android": {
            "version_added": "51"
          },
          "edge": {
            "version_added": "18"
          },
          "firefox": {
            "version_added": true
          },
          "firefox_android": {
            "version_added": true
          },
          "ie": {
            "version_added": null
          },
          "opera": {
            "version_added": false
          },
          "opera_android": {
            "version_added": false
          },
          "safari": {
            "version_added": null
          },
          "safari_ios": {
            "version_added": null
          },
          "samsunginternet_android": {
            "version_added": "5.0"
          },
          "webview_android": {
            "version_added": "51"
          }
        },
        "status": {
          "experimental": true,
          "standard_track": true,
          "deprecated": false
        }
      },
      "create": {
        "__compat": {
          "mdn_url": "https://developer.mozilla.org/docs/Web/API/CredentialsContainer/create",
          "support": {
            "chrome": {
              "version_added": "60"
            },
            "chrome_android": {
              "version_added": "60"
            },
            "edge": {
              "version_added": "18"
            },
            "firefox": {
              "version_added": true
            },
            "firefox_android": {
              "version_added": true
            },
            "ie": {
              "version_added": null
            },
            "opera": {
              "version_added": false
            },
            "opera_android": {
              "version_added": false
            },
            "safari": {
              "version_added": null
            },
            "safari_ios": {
              "version_added": null
            },
            "samsunginternet_android": {
              "version_added": "8.0"
            },
            "webview_android": {
              "version_added": "60"
            }
          },
          "status": {
            "experimental": true,
            "standard_track": true,
            "deprecated": false
          }
        }
      },
      "get": {
        "__compat": {
          "mdn_url": "https://developer.mozilla.org/docs/Web/API/CredentialsContainer/get",
          "support": {
            "chrome": {
              "version_added": "51"
            },
            "chrome_android": {
              "version_added": "51"
            },
            "edge": {
              "version_added": "18"
            },
            "firefox": {
              "version_added": true
            },
            "firefox_android": {
              "version_added": true
            },
            "ie": {
              "version_added": null
            },
            "opera": {
              "version_added": false
            },
            "opera_android": {
              "version_added": false
            },
            "safari": {
              "version_added": null
            },
            "safari_ios": {
              "version_added": null
            },
            "samsunginternet_android": {
              "version_added": "5.0"
            },
            "webview_android": {
              "version_added": "51"
            }
          },
          "status": {
            "experimental": true,
            "standard_track": true,
            "deprecated": false
          }
        }
      },
      "preventSilentAccess": {
        "__compat": {
          "mdn_url": "https://developer.mozilla.org/docs/Web/API/CredentialsContainer/preventSilentAccess",
          "support": {
            "chrome": [
              {
                "version_added": "60"
              },
              {
                "alternative_name": "requireUserMediation",
                "version_added": "51",
                "version_removed": "60"
              }
            ],
            "chrome_android": [
              {
                "version_added": "60"
              },
              {
                "alternative_name": "requireUserMediation",
                "version_added": "51",
                "version_removed": "60"
              }
            ],
            "edge": {
              "version_added": "≤79"
            },
            "firefox": {
              "version_added": true
            },
            "firefox_android": {
              "version_added": true
            },
            "ie": {
              "version_added": null
            },
            "opera": {
              "version_added": false
            },
            "opera_android": {
              "version_added": false
            },
            "safari": {
              "version_added": null
            },
            "safari_ios": {
              "version_added": null
            },
            "samsunginternet_android": [
              {
                "version_added": "8.0"
              },
              {
                "alternative_name": "requireUserMediation",
                "version_added": "5.0",
                "version_removed": "8.0"
              }
            ],
            "webview_android": [
              {
                "version_added": "60"
              },
              {
                "alternative_name": "requireUserMediation",
                "version_added": "51",
                "version_removed": "60"
              }
            ]
          },
          "status": {
            "experimental": true,
            "standard_track": true,
            "deprecated": false
          }
        }
      },
      "store": {
        "__compat": {
          "mdn_url": "https://developer.mozilla.org/docs/Web/API/CredentialsContainer/store",
          "support": {
            "chrome": {
              "version_added": "51"
            },
            "chrome_android": {
              "version_added": "51"
            },
            "edge": {
              "version_added": "≤79"
            },
            "firefox": {
              "version_added": true
            },
            "firefox_android": {
              "version_added": true
            },
            "ie": {
              "version_added": null
            },
            "opera": {
              "version_added": false
            },
            "opera_android": {
              "version_added": false
            },
            "safari": {
              "version_added": null
            },
            "safari_ios": {
              "version_added": null
            },
            "samsunginternet_android": {
              "version_added": "5.0"
            },
            "webview_android": {
              "version_added": "51"
            }
          },
          "status": {
            "experimental": true,
            "standard_track": true,
            "deprecated": false
          }
        }
      }
    }
  }
}
