{
  "api": {
    "Crypto": {
      "__compat": {
        "mdn_url": "https://developer.mozilla.org/docs/Web/API/Crypto",
        "support": {
          "chrome": {
            "version_added": "11"
          },
          "chrome_android": {
            "version_added": "18"
          },
          "edge": {
            "version_added": "12"
          },
          "firefox": {
            "version_added": "26"
          },
          "firefox_android": {
            "version_added": "26"
          },
          "ie": {
            "version_added": "11"
          },
          "opera": {
            "version_added": "15"
          },
          "opera_android": {
            "version_added": "14"
          },
          "safari": {
            "version_added": "6.1"
          },
          "safari_ios": {
            "version_added": "6.1"
          },
          "samsunginternet_android": {
            "version_added": "1.0"
          },
          "webview_android": {
            "version_added": true
          }
        },
        "status": {
          "experimental": false,
          "standard_track": true,
          "deprecated": false
        }
      },
      "getRandomValues": {
        "__compat": {
          "mdn_url": "https://developer.mozilla.org/docs/Web/API/Crypto/getRandomValues",
          "support": {
            "chrome": {
              "version_added": "11"
            },
            "chrome_android": {
              "version_added": "18"
            },
            "edge": {
              "version_added": "12"
            },
            "firefox": {
              "version_added": "26"
            },
            "firefox_android": {
              "version_added": "26"
            },
            "ie": {
              "version_added": "11"
            },
            "opera": {
              "version_added": "15"
            },
            "opera_android": {
              "version_added": "14"
            },
            "safari": {
              "version_added": "6.1"
            },
            "safari_ios": {
              "version_added": "6.1"
            },
            "samsunginternet_android": {
              "version_added": "1.0"
            },
            "webview_android": {
              "version_added": "≤37"
            }
          },
          "status": {
            "experimental": false,
            "standard_track": true,
            "deprecated": false
          }
        }
      },
      "subtle": {
        "__compat": {
          "mdn_url": "https://developer.mozilla.org/docs/Web/API/Crypto/subtle",
          "support": {
            "chrome": {
              "version_added": "37"
            },
            "chrome_android": {
              "version_added": "37"
            },
            "edge": {
              "version_added": "12"
            },
            "firefox": [
              {
                "version_added": "34"
              },
              {
                "version_added": "32",
                "version_removed": "34",
                "flags": [
                  {
                    "type": "preference",
                    "name": "dom.webcrypto.enabled",
                    "value_to_set": "true"
                  }
                ]
              }
            ],
            "firefox_android": [
              {
                "version_added": "34"
              },
              {
                "version_added": "32",
                "version_removed": "34",
                "flags": [
                  {
                    "type": "preference",
                    "name": "dom.webcrypto.enabled",
                    "value_to_set": "true"
                  }
                ]
              }
            ],
            "ie": {
              "version_added": "11",
              "partial_implementation": true
            },
            "opera": {
              "version_added": "24"
            },
            "opera_android": {
              "version_added": "24"
            },
            "safari": [
              {
                "version_added": "10.1"
              },
              {
                "version_added": "7",
                "prefix": "webkit"
              }
            ],
            "safari_ios": [
              {
                "version_added": "10.3"
              },
              {
                "version_added": "7",
                "prefix": "webkit"
              }
            ],
            "samsunginternet_android": {
              "version_added": "3.0"
            },
            "webview_android": {
              "version_added": "37"
            }
          },
          "status": {
            "experimental": true,
            "standard_track": true,
            "deprecated": false
          }
        }
      }
    }
  }
}
