{
  "api": {
    "CSSConditionRule": {
      "__compat": {
        "mdn_url": "https://developer.mozilla.org/docs/Web/API/CSSConditionRule",
        "support": {
          "chrome": {
            "version_added": "56"
          },
          "chrome_android": {
            "version_added": "56"
          },
          "edge": {
            "version_added": "≤18"
          },
          "firefox": {
            "version_added": "20"
          },
          "firefox_android": {
            "version_added": "20"
          },
          "ie": {
            "version_added": false
          },
          "opera": {
            "version_added": "43"
          },
          "opera_android": {
            "version_added": "43"
          },
          "safari": {
            "version_added": null
          },
          "safari_ios": {
            "version_added": null
          },
          "samsunginternet_android": {
            "version_added": "6.0"
          },
          "webview_android": {
            "version_added": "56"
          }
        },
        "status": {
          "experimental": false,
          "standard_track": true,
          "deprecated": false
        }
      }
    }
  }
}
