{
  "api": {
    "CSSKeyframeRule": {
      "__compat": {
        "mdn_url": "https://developer.mozilla.org/docs/Web/API/CSSKeyframeRule",
        "support": {
          "chrome": {
            "version_added": true
          },
          "chrome_android": {
            "version_added": "45"
          },
          "edge": {
            "version_added": "12"
          },
          "firefox": [
            {
              "version_added": "48"
            },
            {
              "version_added": "5",
              "prefix": "moz"
            }
          ],
          "firefox_android": [
            {
              "version_added": "48"
            },
            {
              "version_added": "5",
              "prefix": "moz"
            }
          ],
          "ie": {
            "version_added": "10"
          },
          "opera": {
            "version_added": "12",
            "prefix": "o"
          },
          "opera_android": {
            "version_added": true
          },
          "safari": {
            "version_added": "4"
          },
          "safari_ios": {
            "version_added": true
          },
          "samsunginternet_android": {
            "version_added": "5.0"
          },
          "webview_android": {
            "version_added": "45"
          }
        },
        "status": {
          "experimental": true,
          "standard_track": true,
          "deprecated": false
        }
      },
      "keyText": {
        "__compat": {
          "mdn_url": "https://developer.mozilla.org/docs/Web/API/CSSKeyframeRule/keyText",
          "support": {
            "chrome": {
              "version_added": true
            },
            "chrome_android": {
              "version_added": "45"
            },
            "edge": {
              "version_added": "12"
            },
            "firefox": {
              "version_added": "48"
            },
            "firefox_android": {
              "version_added": true
            },
            "ie": {
              "version_added": "10"
            },
            "opera": {
              "version_added": "12"
            },
            "opera_android": {
              "version_added": true
            },
            "safari": {
              "version_added": "4"
            },
            "safari_ios": {
              "version_added": true
            },
            "samsunginternet_android": {
              "version_added": "5.0"
            },
            "webview_android": {
              "version_added": "45"
            }
          },
          "status": {
            "experimental": true,
            "standard_track": true,
            "deprecated": false
          }
        }
      },
      "style": {
        "__compat": {
          "mdn_url": "https://developer.mozilla.org/docs/Web/API/CSSKeyframeRule/style",
          "support": {
            "chrome": {
              "version_added": true
            },
            "chrome_android": {
              "version_added": "45"
            },
            "edge": {
              "version_added": "12"
            },
            "firefox": {
              "version_added": "48"
            },
            "firefox_android": {
              "version_added": true
            },
            "ie": {
              "version_added": "10"
            },
            "opera": {
              "version_added": "12"
            },
            "opera_android": {
              "version_added": true
            },
            "safari": {
              "version_added": "4"
            },
            "safari_ios": {
              "version_added": true
            },
            "samsunginternet_android": {
              "version_added": "5.0"
            },
            "webview_android": {
              "version_added": "45"
            }
          },
          "status": {
            "experimental": true,
            "standard_track": true,
            "deprecated": false
          }
        }
      }
    }
  }
}
