{
  "api": {
    "CSSMathSum": {
      "__compat": {
        "mdn_url": "https://developer.mozilla.org/docs/Web/API/CSSMathSum",
        "support": {
          "chrome": {
            "version_added": "66"
          },
          "chrome_android": {
            "version_added": "66"
          },
          "edge": {
            "version_added": "79"
          },
          "firefox": {
            "version_added": false
          },
          "firefox_android": {
            "version_added": false
          },
          "ie": {
            "version_added": false
          },
          "opera": {
            "version_added": "53"
          },
          "opera_android": {
            "version_added": "47"
          },
          "safari": {
            "version_added": false
          },
          "safari_ios": {
            "version_added": false
          },
          "samsunginternet_android": {
            "version_added": "9.0"
          },
          "webview_android": {
            "version_added": "66"
          }
        },
        "status": {
          "experimental": true,
          "standard_track": true,
          "deprecated": false
        }
      },
      "CSSMathSum": {
        "__compat": {
          "mdn_url": "https://developer.mozilla.org/docs/Web/API/CSSMathSum/CSSMathSum",
          "description": "<code>CSSMathSum()</code> constructor",
          "support": {
            "chrome": {
              "version_added": "66"
            },
            "chrome_android": {
              "version_added": "66"
            },
            "edge": {
              "version_added": "79"
            },
            "firefox": {
              "version_added": false
            },
            "firefox_android": {
              "version_added": false
            },
            "ie": {
              "version_added": false
            },
            "opera": {
              "version_added": "53"
            },
            "opera_android": {
              "version_added": "47"
            },
            "safari": {
              "version_added": false
            },
            "safari_ios": {
              "version_added": false
            },
            "samsunginternet_android": {
              "version_added": "9.0"
            },
            "webview_android": {
              "version_added": "66"
            }
          },
          "status": {
            "experimental": true,
            "standard_track": true,
            "deprecated": false
          }
        }
      },
      "values": {
        "__compat": {
          "mdn_url": "https://developer.mozilla.org/docs/Web/API/CSSMathSum/values",
          "support": {
            "chrome": {
              "version_added": "66"
            },
            "chrome_android": {
              "version_added": "66"
            },
            "edge": {
              "version_added": "79"
            },
            "firefox": {
              "version_added": false
            },
            "firefox_android": {
              "version_added": false
            },
            "ie": {
              "version_added": false
            },
            "opera": {
              "version_added": "53"
            },
            "opera_android": {
              "version_added": "47"
            },
            "safari": {
              "version_added": false
            },
            "safari_ios": {
              "version_added": false
            },
            "samsunginternet_android": {
              "version_added": "9.0"
            },
            "webview_android": {
              "version_added": "66"
            }
          },
          "status": {
            "experimental": true,
            "standard_track": true,
            "deprecated": false
          }
        }
      }
    }
  }
}
