{
  "api": {
    "DataTransferItemList": {
      "__compat": {
        "mdn_url": "https://developer.mozilla.org/docs/Web/API/DataTransferItemList",
        "support": {
          "chrome": {
            "version_added": "13"
          },
          "chrome_android": {
            "version_added": "18"
          },
          "edge": {
            "version_added": "≤18"
          },
          "firefox": {
            "version_added": "50"
          },
          "firefox_android": {
            "version_added": "50"
          },
          "ie": {
            "version_added": false
          },
          "opera": {
            "version_added": "12"
          },
          "opera_android": {
            "version_added": false
          },
          "safari": {
            "version_added": "6"
          },
          "safari_ios": {
            "version_added": "6"
          },
          "samsunginternet_android": {
            "version_added": "1.0"
          },
          "webview_android": {
            "version_added": "4.4"
          }
        },
        "status": {
          "experimental": false,
          "standard_track": true,
          "deprecated": false
        }
      },
      "DataTransferItem": {
        "__compat": {
          "mdn_url": "https://developer.mozilla.org/docs/Web/API/DataTransferItemList/DataTransferItem",
          "description": "<code>DataTransferItemList[]</code>",
          "support": {
            "chrome": {
              "version_added": "13"
            },
            "chrome_android": {
              "version_added": "18"
            },
            "edge": {
              "version_added": "≤79"
            },
            "firefox": {
              "version_added": "50"
            },
            "firefox_android": {
              "version_added": "50"
            },
            "ie": {
              "version_added": false
            },
            "opera": {
              "version_added": "12"
            },
            "opera_android": {
              "version_added": false
            },
            "safari": {
              "version_added": "6"
            },
            "safari_ios": {
              "version_added": "6"
            },
            "samsunginternet_android": {
              "version_added": "1.0"
            },
            "webview_android": {
              "version_added": "4.4"
            }
          },
          "status": {
            "experimental": false,
            "standard_track": true,
            "deprecated": false
          }
        }
      },
      "add": {
        "__compat": {
          "mdn_url": "https://developer.mozilla.org/docs/Web/API/DataTransferItemList/add",
          "support": {
            "chrome": {
              "version_added": "13"
            },
            "chrome_android": {
              "version_added": "18"
            },
            "edge": {
              "version_added": "12",
              "version_removed": "79"
            },
            "firefox": {
              "version_added": "50"
            },
            "firefox_android": {
              "version_added": "50"
            },
            "ie": {
              "version_added": false
            },
            "opera": {
              "version_added": "12"
            },
            "opera_android": {
              "version_added": false
            },
            "safari": {
              "version_added": "6"
            },
            "safari_ios": {
              "version_added": "6"
            },
            "samsunginternet_android": {
              "version_added": "1.0"
            },
            "webview_android": {
              "version_added": "4.4"
            }
          },
          "status": {
            "experimental": false,
            "standard_track": true,
            "deprecated": false
          }
        }
      },
      "clear": {
        "__compat": {
          "mdn_url": "https://developer.mozilla.org/docs/Web/API/DataTransferItemList/clear",
          "support": {
            "chrome": {
              "version_added": "13"
            },
            "chrome_android": {
              "version_added": "18"
            },
            "edge": {
              "version_added": "12"
            },
            "firefox": {
              "version_added": "50"
            },
            "firefox_android": {
              "version_added": "50"
            },
            "ie": {
              "version_added": false
            },
            "opera": {
              "version_added": "12"
            },
            "opera_android": {
              "version_added": false
            },
            "safari": {
              "version_added": "6"
            },
            "safari_ios": {
              "version_added": "6"
            },
            "samsunginternet_android": {
              "version_added": "1.0"
            },
            "webview_android": {
              "version_added": "4.4"
            }
          },
          "status": {
            "experimental": false,
            "standard_track": true,
            "deprecated": false
          }
        }
      },
      "length": {
        "__compat": {
          "mdn_url": "https://developer.mozilla.org/docs/Web/API/DataTransferItemList/length",
          "support": {
            "chrome": {
              "version_added": "13"
            },
            "chrome_android": {
              "version_added": "18"
            },
            "edge": {
              "version_added": "12"
            },
            "firefox": {
              "version_added": "50"
            },
            "firefox_android": {
              "version_added": "50"
            },
            "ie": {
              "version_added": false
            },
            "opera": {
              "version_added": "12"
            },
            "opera_android": {
              "version_added": false
            },
            "safari": {
              "version_added": "6"
            },
            "safari_ios": {
              "version_added": "6"
            },
            "samsunginternet_android": {
              "version_added": "1.0"
            },
            "webview_android": {
              "version_added": "4.4"
            }
          },
          "status": {
            "experimental": false,
            "standard_track": true,
            "deprecated": false
          }
        }
      },
      "remove": {
        "__compat": {
          "mdn_url": "https://developer.mozilla.org/docs/Web/API/DataTransferItemList/remove",
          "support": {
            "chrome": {
              "version_added": "31"
            },
            "chrome_android": {
              "version_added": "31"
            },
            "edge": {
              "version_added": "12"
            },
            "firefox": {
              "version_added": "50"
            },
            "firefox_android": {
              "version_added": "50"
            },
            "ie": {
              "version_added": false
            },
            "opera": {
              "version_added": "12"
            },
            "opera_android": {
              "version_added": false
            },
            "safari": {
              "version_added": "6"
            },
            "safari_ios": {
              "version_added": "6"
            },
            "samsunginternet_android": {
              "version_added": "2.0"
            },
            "webview_android": {
              "version_added": "4.4.3"
            }
          },
          "status": {
            "experimental": false,
            "standard_track": true,
            "deprecated": false
          }
        }
      }
    }
  }
}
