{
  "api": {
    "DOMRect": {
      "__compat": {
        "mdn_url": "https://developer.mozilla.org/docs/Web/API/DOMRect",
        "support": {
          "chrome": {
            "version_added": true
          },
          "chrome_android": {
            "version_added": true
          },
          "edge": [
            {
              "version_added": "79"
            },
            {
              "alternative_name": "ClientRect",
              "version_added": "12"
            }
          ],
          "firefox": {
            "version_added": true
          },
          "firefox_android": {
            "version_added": true
          },
          "ie": [
            {
              "version_added": false
            },
            {
              "alternative_name": "ClientRect",
              "version_added": true
            }
          ],
          "opera": {
            "version_added": true
          },
          "opera_android": {
            "version_added": true
          },
          "safari": {
            "version_added": "10.1"
          },
          "safari_ios": {
            "version_added": "10.3"
          },
          "samsunginternet_android": {
            "version_added": true
          },
          "webview_android": {
            "version_added": true
          }
        },
        "status": {
          "experimental": false,
          "standard_track": true,
          "deprecated": false
        }
      },
      "DOMRect": {
        "__compat": {
          "mdn_url": "https://developer.mozilla.org/docs/Web/API/DOMRect/DOMRect",
          "description": "<code>DOMRect()</code> constructor",
          "support": {
            "chrome": {
              "version_added": true
            },
            "chrome_android": {
              "version_added": true
            },
            "edge": {
              "version_added": "79"
            },
            "firefox": {
              "version_added": true
            },
            "firefox_android": {
              "version_added": true
            },
            "ie": {
              "version_added": false
            },
            "opera": {
              "version_added": true
            },
            "opera_android": {
              "version_added": true
            },
            "safari": {
              "version_added": "10.1"
            },
            "safari_ios": {
              "version_added": "10.3"
            },
            "samsunginternet_android": {
              "version_added": true
            },
            "webview_android": {
              "version_added": true
            }
          },
          "status": {
            "experimental": false,
            "standard_track": true,
            "deprecated": false
          }
        }
      },
      "worker_support": {
        "__compat": {
          "description": "Available in workers",
          "support": {
            "chrome": {
              "version_added": "58"
            },
            "chrome_android": {
              "version_added": "58"
            },
            "edge": {
              "version_added": "79"
            },
            "firefox": {
              "version_added": "69"
            },
            "firefox_android": {
              "version_added": false
            },
            "ie": {
              "version_added": false
            },
            "opera": {
              "version_added": "45"
            },
            "opera_android": {
              "version_added": "43"
            },
            "safari": {
              "version_added": "10.1"
            },
            "safari_ios": {
              "version_added": "10.3"
            },
            "samsunginternet_android": {
              "version_added": "7.0"
            },
            "webview_android": {
              "version_added": "58"
            }
          },
          "status": {
            "experimental": false,
            "standard_track": true,
            "deprecated": false
          }
        }
      }
    }
  }
}
