{
  "api": {
    "DOMStringMap": {
      "__compat": {
        "mdn_url": "https://developer.mozilla.org/docs/Web/API/DOMStringMap",
        "spec_url": "https://html.spec.whatwg.org/multipage/dom.html#domstringmap",
        "support": {
          "chrome": {
            "version_added": true
          },
          "chrome_android": {
            "version_added": true
          },
          "edge": {
            "version_added": "≤18"
          },
          "firefox": {
            "version_added": "6"
          },
          "firefox_android": {
            "version_added": true
          },
          "ie": {
            "version_added": null
          },
          "opera": {
            "version_added": true
          },
          "opera_android": {
            "version_added": true
          },
          "safari": {
            "version_added": true
          },
          "safari_ios": {
            "version_added": true
          },
          "samsunginternet_android": {
            "version_added": true
          },
          "webview_android": {
            "version_added": true
          }
        },
        "status": {
          "experimental": false,
          "standard_track": true,
          "deprecated": false
        }
      }
    }
  }
}
