{
  "api": {
    "EXT_texture_filter_anisotropic": {
      "__compat": {
        "mdn_url": "https://developer.mozilla.org/docs/Web/API/EXT_texture_filter_anisotropic",
        "support": {
          "chrome": [
            {
              "version_added": true
            },
            {
              "version_added": true,
              "prefix": "WEBKIT_"
            }
          ],
          "chrome_android": [
            {
              "version_added": true
            },
            {
              "version_added": true,
              "prefix": "WEBKIT_"
            }
          ],
          "edge": {
            "version_added": "≤18"
          },
          "firefox": {
            "version_added": "17"
          },
          "firefox_android": {
            "version_added": null
          },
          "ie": {
            "version_added": null
          },
          "opera": [
            {
              "version_added": true
            },
            {
              "version_added": true,
              "prefix": "WEBKIT_"
            }
          ],
          "opera_android": [
            {
              "version_added": true
            },
            {
              "version_added": true,
              "prefix": "WEBKIT_"
            }
          ],
          "safari": {
            "version_added": null
          },
          "safari_ios": {
            "version_added": null
          },
          "samsunginternet_android": [
            {
              "version_added": true
            },
            {
              "version_added": true,
              "prefix": "WEBKIT_"
            }
          ],
          "webview_android": [
            {
              "version_added": true
            },
            {
              "version_added": true,
              "prefix": "WEBKIT_"
            }
          ]
        },
        "status": {
          "experimental": false,
          "standard_track": true,
          "deprecated": false
        }
      }
    }
  }
}
