{
  "api": {
    "ExtendableEvent": {
      "__compat": {
        "mdn_url": "https://developer.mozilla.org/docs/Web/API/ExtendableEvent",
        "support": {
          "chrome": {
            "version_added": "40"
          },
          "chrome_android": {
            "version_added": "40"
          },
          "edge": {
            "version_added": "17"
          },
          "firefox": {
            "version_added": "44",
            "notes": "Service workers (and Push) have been disabled in the Firefox 45 & 52 Extended Support Releases (ESR)."
          },
          "firefox_android": {
            "version_added": "44"
          },
          "ie": {
            "version_added": false
          },
          "opera": {
            "version_added": "24"
          },
          "opera_android": {
            "version_added": "24"
          },
          "safari": {
            "version_added": false
          },
          "safari_ios": {
            "version_added": false
          },
          "samsunginternet_android": {
            "version_added": "4.0"
          },
          "webview_android": {
            "version_added": "40"
          }
        },
        "status": {
          "experimental": true,
          "standard_track": true,
          "deprecated": false
        }
      },
      "ExtendableEvent": {
        "__compat": {
          "description": "<code>ExtendableEvent()</code> constructor",
          "mdn_url": "https://developer.mozilla.org/docs/Web/API/ExtendableEvent/ExtendableEvent",
          "support": {
            "chrome": {
              "version_added": "40"
            },
            "chrome_android": {
              "version_added": "40"
            },
            "edge": {
              "version_added": "17"
            },
            "firefox": {
              "version_added": "44",
              "notes": "Service workers (and Push) have been disabled in the Firefox 45 & 52 Extended Support Releases (ESR)."
            },
            "firefox_android": {
              "version_added": "44"
            },
            "ie": {
              "version_added": false
            },
            "opera": {
              "version_added": "24"
            },
            "opera_android": {
              "version_added": "24"
            },
            "safari": {
              "version_added": false
            },
            "safari_ios": {
              "version_added": false
            },
            "samsunginternet_android": {
              "version_added": "4.0"
            },
            "webview_android": {
              "version_added": "40"
            }
          },
          "status": {
            "experimental": true,
            "standard_track": true,
            "deprecated": false
          }
        }
      },
      "waitUntil": {
        "__compat": {
          "mdn_url": "https://developer.mozilla.org/docs/Web/API/ExtendableEvent/waitUntil",
          "support": {
            "chrome": {
              "version_added": "40"
            },
            "chrome_android": {
              "version_added": "40"
            },
            "edge": {
              "version_added": "17"
            },
            "firefox": {
              "version_added": "44"
            },
            "firefox_android": {
              "version_added": "44"
            },
            "ie": {
              "version_added": false
            },
            "opera": {
              "version_added": "24"
            },
            "opera_android": {
              "version_added": "24"
            },
            "safari": {
              "version_added": false
            },
            "safari_ios": {
              "version_added": false
            },
            "samsunginternet_android": {
              "version_added": "4.0"
            },
            "webview_android": {
              "version_added": "40"
            }
          },
          "status": {
            "experimental": true,
            "standard_track": true,
            "deprecated": false
          }
        },
        "async_waitUntil": {
          "__compat": {
            "description": "Asynchronous <code>waitUntil</code>",
            "support": {
              "chrome": {
                "version_added": null
              },
              "chrome_android": {
                "version_added": null
              },
              "edge": {
                "version_added": "17"
              },
              "firefox": {
                "version_added": "53"
              },
              "firefox_android": {
                "version_added": "53"
              },
              "ie": {
                "version_added": false
              },
              "opera": {
                "version_added": null
              },
              "opera_android": {
                "version_added": null
              },
              "safari": {
                "version_added": false
              },
              "safari_ios": {
                "version_added": false
              },
              "samsunginternet_android": {
                "version_added": null
              },
              "webview_android": {
                "version_added": null
              }
            },
            "status": {
              "experimental": true,
              "standard_track": true,
              "deprecated": false
            }
          }
        }
      }
    }
  }
}
