{
  "api": {
    "FileSystemFlags": {
      "__compat": {
        "mdn_url": "https://developer.mozilla.org/docs/Web/API/FileSystemFlags",
        "support": {
          "chrome": {
            "version_added": "13",
            "prefix": "webkit"
          },
          "chrome_android": {
            "version_added": true,
            "prefix": "webkit"
          },
          "edge": {
            "version_added": "≤79",
            "prefix": "webkit"
          },
          "firefox": {
            "version_added": "50"
          },
          "firefox_android": {
            "version_added": "50"
          },
          "ie": {
            "version_added": false
          },
          "opera": {
            "version_added": false
          },
          "opera_android": {
            "version_added": false
          },
          "safari": {
            "version_added": false
          },
          "safari_ios": {
            "version_added": false
          },
          "samsunginternet_android": {
            "prefix": "webkit",
            "version_added": true
          },
          "webview_android": {
            "version_added": true,
            "prefix": "webkit"
          }
        },
        "status": {
          "experimental": true,
          "standard_track": true,
          "deprecated": false
        }
      },
      "create": {
        "__compat": {
          "mdn_url": "https://developer.mozilla.org/docs/Web/API/FileSystemFlags/create",
          "support": {
            "chrome": {
              "version_added": "13",
              "prefix": "webkit"
            },
            "chrome_android": {
              "version_added": true,
              "prefix": "webkit"
            },
            "edge": {
              "version_added": "≤79",
              "prefix": "webkit"
            },
            "firefox": {
              "partial_implementation": true,
              "version_added": "50",
              "notes": "For security reasons, Firefox does not support creating files. This option has no effect."
            },
            "firefox_android": {
              "partial_implementation": true,
              "version_added": "50",
              "notes": "For security reasons, Firefox does not support creating files. This option has no effect."
            },
            "ie": {
              "version_added": false
            },
            "opera": {
              "version_added": false
            },
            "opera_android": {
              "version_added": false
            },
            "safari": {
              "version_added": false
            },
            "safari_ios": {
              "version_added": false
            },
            "samsunginternet_android": {
              "prefix": "webkit",
              "version_added": true
            },
            "webview_android": {
              "version_added": true,
              "prefix": "webkit"
            }
          },
          "status": {
            "experimental": true,
            "standard_track": true,
            "deprecated": false
          }
        }
      },
      "exclusive": {
        "__compat": {
          "mdn_url": "https://developer.mozilla.org/docs/Web/API/FileSystemFlags/exclusive",
          "support": {
            "chrome": {
              "version_added": "13",
              "prefix": "webkit"
            },
            "chrome_android": {
              "version_added": true,
              "prefix": "webkit"
            },
            "edge": {
              "version_added": "≤79",
              "prefix": "webkit"
            },
            "firefox": {
              "partial_implementation": true,
              "version_added": "50",
              "notes": "For security reasons, Firefox does not support creating files. This option has no effect."
            },
            "firefox_android": {
              "partial_implementation": true,
              "version_added": "50",
              "notes": "For security reasons, Firefox does not support creating files. This option has no effect."
            },
            "ie": {
              "version_added": false
            },
            "opera": {
              "version_added": false
            },
            "opera_android": {
              "version_added": false
            },
            "safari": {
              "version_added": false
            },
            "safari_ios": {
              "version_added": false
            },
            "samsunginternet_android": {
              "prefix": "webkit",
              "version_added": true
            },
            "webview_android": {
              "version_added": true,
              "prefix": "webkit"
            }
          },
          "status": {
            "experimental": true,
            "standard_track": true,
            "deprecated": false
          }
        }
      }
    }
  }
}
