{
  "api": {
    "FileSystemDirectoryReader": {
      "__compat": {
        "mdn_url": "https://developer.mozilla.org/docs/Web/API/FileSystemDirectoryReader",
        "support": {
          "chrome": {
            "version_added": "13",
            "prefix": "webkit"
          },
          "chrome_android": {
            "version_added": true,
            "prefix": "webkit"
          },
          "edge": {
            "version_added": "≤18",
            "alternative_name": "WebKitDirectoryReader"
          },
          "firefox": {
            "version_added": "50"
          },
          "firefox_android": {
            "version_added": "50"
          },
          "ie": {
            "version_added": false
          },
          "opera": {
            "version_added": true,
            "prefix": "webkit"
          },
          "opera_android": {
            "version_added": false
          },
          "safari": {
            "version_added": "11.1"
          },
          "safari_ios": {
            "version_added": "11.3"
          },
          "samsunginternet_android": {
            "prefix": "webkit",
            "version_added": true
          },
          "webview_android": {
            "version_added": true,
            "prefix": "webkit"
          }
        },
        "status": {
          "experimental": false,
          "standard_track": false,
          "deprecated": true
        }
      },
      "readEntries": {
        "__compat": {
          "mdn_url": "https://developer.mozilla.org/docs/Web/API/FileSystemDirectoryReader/readEntries",
          "support": {
            "chrome": {
              "version_added": null
            },
            "chrome_android": {
              "version_added": null
            },
            "edge": {
              "version_added": null
            },
            "firefox": {
              "version_added": true
            },
            "firefox_android": {
              "version_added": true
            },
            "ie": {
              "version_added": false
            },
            "opera": {
              "version_added": null
            },
            "opera_android": {
              "version_added": false
            },
            "safari": {
              "version_added": "11.1"
            },
            "safari_ios": {
              "version_added": "11.3"
            },
            "samsunginternet_android": {
              "version_added": null
            },
            "webview_android": {
              "version_added": null
            }
          },
          "status": {
            "experimental": false,
            "standard_track": false,
            "deprecated": true
          }
        }
      }
    }
  }
}
