{
  "api": {
    "FileSystemDirectoryEntry": {
      "__compat": {
        "mdn_url": "https://developer.mozilla.org/docs/Web/API/FileSystemDirectoryEntry",
        "support": {
          "chrome": {
            "version_added": "13",
            "prefix": "webkit"
          },
          "chrome_android": {
            "version_added": true,
            "prefix": "webkit"
          },
          "edge": {
            "version_added": "79",
            "prefix": "webkit"
          },
          "firefox": {
            "version_added": "50"
          },
          "firefox_android": {
            "version_added": "50"
          },
          "ie": {
            "version_added": false
          },
          "opera": {
            "version_added": true,
            "prefix": "webkit"
          },
          "opera_android": {
            "version_added": false
          },
          "safari": {
            "version_added": "11.1"
          },
          "safari_ios": {
            "version_added": "11.3"
          },
          "samsunginternet_android": {
            "prefix": "webkit",
            "version_added": true
          },
          "webview_android": {
            "version_added": true,
            "prefix": "webkit"
          }
        },
        "status": {
          "experimental": true,
          "standard_track": true,
          "deprecated": false
        }
      },
      "createReader": {
        "__compat": {
          "mdn_url": "https://developer.mozilla.org/docs/Web/API/FileSystemDirectoryEntry/createReader",
          "support": {
            "chrome": {
              "version_added": "13"
            },
            "chrome_android": {
              "version_added": true
            },
            "edge": {
              "version_added": "79"
            },
            "firefox": {
              "version_added": "50"
            },
            "firefox_android": {
              "version_added": "50"
            },
            "ie": {
              "version_added": false
            },
            "opera": {
              "version_added": false
            },
            "opera_android": {
              "version_added": false
            },
            "safari": {
              "version_added": "11.1"
            },
            "safari_ios": {
              "version_added": "11.3"
            },
            "samsunginternet_android": {
              "version_added": true
            },
            "webview_android": {
              "version_added": true
            }
          },
          "status": {
            "experimental": true,
            "standard_track": true,
            "deprecated": false
          }
        }
      },
      "getDirectory": {
        "__compat": {
          "mdn_url": "https://developer.mozilla.org/docs/Web/API/FileSystemDirectoryEntry/getDirectory",
          "support": {
            "chrome": {
              "version_added": "13"
            },
            "chrome_android": {
              "version_added": true
            },
            "edge": {
              "version_added": "79"
            },
            "firefox": {
              "version_added": "50",
              "notes": "In Firefox, the <code>errorCallback</code>'s input parameter is a <code><a href='https://developer.mozilla.org/docs/Web/API/DOMException'>DOMException</a></code> rather than a <code><a href='https://developer.mozilla.org/docs/Web/API/FileError'>FileError</a></code> object."
            },
            "firefox_android": {
              "version_added": "50",
              "notes": "In Firefox, the <code>errorCallback</code>'s input parameter is a <code><a href='https://developer.mozilla.org/docs/Web/API/DOMException'>DOMException</a></code> rather than a <code><a href='https://developer.mozilla.org/docs/Web/API/FileError'>FileError</a></code> object."
            },
            "ie": {
              "version_added": false
            },
            "opera": {
              "version_added": false
            },
            "opera_android": {
              "version_added": false
            },
            "safari": {
              "version_added": "11.1"
            },
            "safari_ios": {
              "version_added": "11.3"
            },
            "samsunginternet_android": {
              "version_added": true
            },
            "webview_android": {
              "version_added": true
            }
          },
          "status": {
            "experimental": true,
            "standard_track": true,
            "deprecated": false
          }
        }
      },
      "getFile": {
        "__compat": {
          "mdn_url": "https://developer.mozilla.org/docs/Web/API/FileSystemDirectoryEntry/getFile",
          "support": {
            "chrome": {
              "version_added": "13"
            },
            "chrome_android": {
              "version_added": true
            },
            "edge": {
              "version_added": "79"
            },
            "firefox": {
              "version_added": "50",
              "notes": "In Firefox, the <code>errorCallback</code>'s input parameter is a <code><a href='https://developer.mozilla.org/docs/Web/API/DOMException'>DOMException</a></code> rather than a <code><a href='https://developer.mozilla.org/docs/Web/API/FileError'>FileError</a></code> object."
            },
            "firefox_android": {
              "version_added": "50",
              "notes": "In Firefox, the <code>errorCallback</code>'s input parameter is a <code><a href='https://developer.mozilla.org/docs/Web/API/DOMException'>DOMException</a></code> rather than a <code><a href='https://developer.mozilla.org/docs/Web/API/FileError'>FileError</a></code> object."
            },
            "ie": {
              "version_added": false
            },
            "opera": {
              "version_added": false
            },
            "opera_android": {
              "version_added": false
            },
            "safari": {
              "version_added": "11.1"
            },
            "safari_ios": {
              "version_added": "11.3"
            },
            "samsunginternet_android": {
              "version_added": true
            },
            "webview_android": {
              "version_added": true
            }
          },
          "status": {
            "experimental": true,
            "standard_track": true,
            "deprecated": false
          }
        }
      },
      "removeRecursively": {
        "__compat": {
          "mdn_url": "https://developer.mozilla.org/docs/Web/API/FileSystemDirectoryEntry/removeRecursively",
          "support": {
            "chrome": {
              "version_added": "13"
            },
            "chrome_android": {
              "version_added": true
            },
            "edge": {
              "version_added": "79"
            },
            "firefox": {
              "version_added": "50",
              "version_removed": "52",
              "notes": "While the <code>removeRecursively()</code> method existed, it immediately called the error callback with <code>NS_ERROR_DOM_SECURITY_ERR</code>."
            },
            "firefox_android": {
              "version_added": "50",
              "version_removed": "52",
              "notes": "While the <code>removeRecursively()</code> method existed, it immediately called the error callback with <code>NS_ERROR_DOM_SECURITY_ERR</code>."
            },
            "ie": {
              "version_added": false
            },
            "opera": {
              "version_added": false
            },
            "opera_android": {
              "version_added": false
            },
            "safari": {
              "version_added": false
            },
            "safari_ios": {
              "version_added": false
            },
            "samsunginternet_android": {
              "version_added": true
            },
            "webview_android": {
              "version_added": true
            }
          },
          "status": {
            "experimental": false,
            "standard_track": false,
            "deprecated": true
          }
        }
      }
    }
  }
}
