{
  "api": {
    "FormData": {
      "__compat": {
        "mdn_url": "https://developer.mozilla.org/docs/Web/API/FormData",
        "support": {
          "chrome": {
            "version_added": "7"
          },
          "chrome_android": {
            "version_added": "18"
          },
          "edge": {
            "version_added": "12"
          },
          "firefox": {
            "version_added": "4",
            "notes": "Prior to Firefox 7, specifying a <a href='https://developer.mozilla.org/docs/Web/API/Blob'><code>Blob</code></a> as the data to append to the object, the filename reported in the <code>Content-Disposition</code> HTTP header was an empty string, resulting in errors on some servers. Starting with Firefox 7, the filename <code>blob</code> is sent."
          },
          "firefox_android": {
            "version_added": "4",
            "notes": "Prior to Firefox 7, specifying a <a href='https://developer.mozilla.org/docs/Web/API/Blob'><code>Blob</code></a> as the data to append to the object, the filename reported in the <code>Content-Disposition</code> HTTP header was an empty string, resulting in errors on some servers. Starting with Firefox 7, the filename <code>blob</code> is sent."
          },
          "ie": {
            "version_added": "10"
          },
          "opera": {
            "version_added": "12"
          },
          "opera_android": {
            "version_added": "12"
          },
          "safari": {
            "version_added": "5"
          },
          "safari_ios": {
            "version_added": "5"
          },
          "samsunginternet_android": {
            "version_added": "1.0"
          },
          "webview_android": {
            "version_added": "≤37",
            "notes": "XHR in Android 4.0 sends empty content for <code>FormData</code> with <code>blob</code>."
          }
        },
        "status": {
          "experimental": false,
          "standard_track": true,
          "deprecated": false
        }
      },
      "FormData": {
        "__compat": {
          "description": "<code>FormData()</code> constructor",
          "mdn_url": "https://developer.mozilla.org/docs/Web/API/FormData/FormData",
          "support": {
            "chrome": {
              "version_added": "7"
            },
            "chrome_android": {
              "version_added": "18"
            },
            "edge": {
              "version_added": "12"
            },
            "firefox": {
              "version_added": "4"
            },
            "firefox_android": {
              "version_added": "4"
            },
            "ie": {
              "version_added": "10"
            },
            "opera": {
              "version_added": "12"
            },
            "opera_android": {
              "version_added": "12"
            },
            "safari": {
              "version_added": "5"
            },
            "safari_ios": {
              "version_added": "5"
            },
            "samsunginternet_android": {
              "version_added": "1.0"
            },
            "webview_android": {
              "version_added": "≤37"
            }
          },
          "status": {
            "experimental": false,
            "standard_track": true,
            "deprecated": false
          }
        }
      },
      "SupportForOf": {
        "__compat": {
          "description": "Support of <code>for...of</code>",
          "support": {
            "chrome": {
              "version_added": "50"
            },
            "chrome_android": {
              "version_added": "50"
            },
            "edge": {
              "version_added": "79"
            },
            "firefox": {
              "version_added": "44"
            },
            "firefox_android": {
              "version_added": "44"
            },
            "ie": {
              "version_added": null
            },
            "opera": {
              "version_added": null
            },
            "opera_android": {
              "version_added": null
            },
            "safari": {
              "version_added": "11"
            },
            "safari_ios": {
              "version_added": "11"
            },
            "samsunginternet_android": {
              "version_added": "5.0"
            },
            "webview_android": {
              "version_added": "50"
            }
          },
          "status": {
            "experimental": false,
            "standard_track": true,
            "deprecated": false
          }
        }
      },
      "append": {
        "__compat": {
          "mdn_url": "https://developer.mozilla.org/docs/Web/API/FormData/append",
          "support": {
            "chrome": {
              "version_added": "7"
            },
            "chrome_android": {
              "version_added": "18"
            },
            "edge": {
              "version_added": "12"
            },
            "firefox": {
              "version_added": "4",
              "notes": "Prior to Firefox 7, specifying a <a href='https://developer.mozilla.org/docs/Web/API/Blob'><code>Blob</code></a> as the data to append to the object, the filename reported in the <code>Content-Disposition</code> HTTP header was an empty string, resulting in errors on some servers. Starting with Firefox 7, the filename <code>blob</code> is sent."
            },
            "firefox_android": {
              "version_added": "4",
              "notes": "Prior to Firefox 7, specifying a <a href='https://developer.mozilla.org/docs/Web/API/Blob'><code>Blob</code></a> as the data to append to the object, the filename reported in the <code>Content-Disposition</code> HTTP header was an empty string, resulting in errors on some servers. Starting with Firefox 7, the filename <code>blob</code> is sent."
            },
            "ie": {
              "version_added": "10",
              "notes": "With the \"Include local directory pass when uploading files to a server\" option enabled, IE will change the filename inside the <a href='https://developer.mozilla.org/docs/Web/API/Blob'><code>Blob</code></a> on the fly. To have direct control of the sent filename, the developer should send the filename as the third parameter value, i.e. <code>formData.append(name, value, filename)</code>."
            },
            "opera": {
              "version_added": "12"
            },
            "opera_android": {
              "version_added": "12"
            },
            "safari": {
              "version_added": "5"
            },
            "safari_ios": {
              "version_added": "5"
            },
            "samsunginternet_android": {
              "version_added": "1.0"
            },
            "webview_android": {
              "version_added": "3",
              "notes": "XHR in Android 4.0 sends empty content for <code>FormData</code> with <code>blob</code>."
            }
          },
          "status": {
            "experimental": false,
            "standard_track": true,
            "deprecated": false
          }
        },
        "AppendWithFilename": {
          "__compat": {
            "description": "<code>append</code> with filename",
            "support": {
              "chrome": {
                "version_added": true
              },
              "chrome_android": {
                "version_added": true
              },
              "edge": {
                "version_added": "12"
              },
              "firefox": {
                "version_added": "22"
              },
              "firefox_android": {
                "version_added": "22"
              },
              "ie": {
                "version_added": true
              },
              "opera": {
                "version_added": null
              },
              "opera_android": {
                "version_added": null
              },
              "safari": {
                "version_added": "9"
              },
              "safari_ios": {
                "version_added": "9"
              },
              "samsunginternet_android": {
                "version_added": true
              },
              "webview_android": {
                "version_added": true
              }
            },
            "status": {
              "experimental": false,
              "standard_track": true,
              "deprecated": false
            }
          }
        }
      },
      "delete": {
        "__compat": {
          "mdn_url": "https://developer.mozilla.org/docs/Web/API/FormData/delete",
          "support": {
            "chrome": {
              "version_added": "50"
            },
            "chrome_android": {
              "version_added": "50"
            },
            "edge": {
              "version_added": "18"
            },
            "firefox": {
              "version_added": "39"
            },
            "firefox_android": {
              "version_added": true
            },
            "ie": {
              "version_added": false
            },
            "opera": {
              "version_added": true
            },
            "opera_android": {
              "version_added": true
            },
            "safari": {
              "version_added": "11"
            },
            "safari_ios": {
              "version_added": false
            },
            "samsunginternet_android": {
              "version_added": "5.0"
            },
            "webview_android": {
              "version_added": true
            }
          },
          "status": {
            "experimental": false,
            "standard_track": true,
            "deprecated": false
          }
        }
      },
      "entries": {
        "__compat": {
          "mdn_url": "https://developer.mozilla.org/docs/Web/API/FormData/entries",
          "support": {
            "chrome": {
              "version_added": "50"
            },
            "chrome_android": {
              "version_added": "50"
            },
            "edge": {
              "version_added": "18"
            },
            "firefox": {
              "version_added": "44"
            },
            "firefox_android": {
              "version_added": "44"
            },
            "ie": {
              "version_added": false
            },
            "opera": {
              "version_added": "37"
            },
            "opera_android": {
              "version_added": "37"
            },
            "safari": {
              "version_added": "11"
            },
            "safari_ios": {
              "version_added": "11"
            },
            "samsunginternet_android": {
              "version_added": "5.0"
            },
            "webview_android": {
              "version_added": "50"
            }
          },
          "status": {
            "experimental": false,
            "standard_track": true,
            "deprecated": false
          }
        }
      },
      "get": {
        "__compat": {
          "mdn_url": "https://developer.mozilla.org/docs/Web/API/FormData/get",
          "support": {
            "chrome": {
              "version_added": "50"
            },
            "chrome_android": {
              "version_added": "50"
            },
            "edge": {
              "version_added": "18"
            },
            "firefox": {
              "version_added": "39"
            },
            "firefox_android": {
              "version_added": "39"
            },
            "ie": {
              "version_added": false
            },
            "opera": {
              "version_added": "37"
            },
            "opera_android": {
              "version_added": "37"
            },
            "safari": {
              "version_added": "11"
            },
            "safari_ios": {
              "version_added": "11"
            },
            "samsunginternet_android": {
              "version_added": "5.0"
            },
            "webview_android": {
              "version_added": "50"
            }
          },
          "status": {
            "experimental": false,
            "standard_track": true,
            "deprecated": false
          }
        }
      },
      "getAll": {
        "__compat": {
          "mdn_url": "https://developer.mozilla.org/docs/Web/API/FormData/getAll",
          "support": {
            "chrome": {
              "version_added": "50"
            },
            "chrome_android": {
              "version_added": "50"
            },
            "edge": {
              "version_added": "18"
            },
            "firefox": {
              "version_added": "39"
            },
            "firefox_android": {
              "version_added": "39"
            },
            "ie": {
              "version_added": false
            },
            "opera": {
              "version_added": "37"
            },
            "opera_android": {
              "version_added": "37"
            },
            "safari": {
              "version_added": "11"
            },
            "safari_ios": {
              "version_added": "11"
            },
            "samsunginternet_android": {
              "version_added": "5.0"
            },
            "webview_android": {
              "version_added": "50"
            }
          },
          "status": {
            "experimental": false,
            "standard_track": true,
            "deprecated": false
          }
        }
      },
      "has": {
        "__compat": {
          "mdn_url": "https://developer.mozilla.org/docs/Web/API/FormData/has",
          "support": {
            "chrome": {
              "version_added": "50"
            },
            "chrome_android": {
              "version_added": "50"
            },
            "edge": {
              "version_added": "18"
            },
            "firefox": {
              "version_added": "39"
            },
            "firefox_android": {
              "version_added": true
            },
            "ie": {
              "version_added": false
            },
            "opera": {
              "version_added": true
            },
            "opera_android": {
              "version_added": true
            },
            "safari": {
              "version_added": "11"
            },
            "safari_ios": {
              "version_added": false
            },
            "samsunginternet_android": {
              "version_added": "5.0"
            },
            "webview_android": {
              "version_added": true
            }
          },
          "status": {
            "experimental": false,
            "standard_track": true,
            "deprecated": false
          }
        }
      },
      "keys": {
        "__compat": {
          "mdn_url": "https://developer.mozilla.org/docs/Web/API/FormData/keys",
          "support": {
            "chrome": {
              "version_added": "50"
            },
            "chrome_android": {
              "version_added": "50"
            },
            "edge": {
              "version_added": "18"
            },
            "firefox": {
              "version_added": "44"
            },
            "firefox_android": {
              "version_added": "44"
            },
            "ie": {
              "version_added": null
            },
            "opera": {
              "version_added": true
            },
            "opera_android": {
              "version_added": null
            },
            "safari": {
              "version_added": "11"
            },
            "safari_ios": {
              "version_added": "11"
            },
            "samsunginternet_android": {
              "version_added": "5.0"
            },
            "webview_android": {
              "version_added": "50"
            }
          },
          "status": {
            "experimental": false,
            "standard_track": true,
            "deprecated": false
          }
        }
      },
      "set": {
        "__compat": {
          "mdn_url": "https://developer.mozilla.org/docs/Web/API/FormData/set",
          "support": {
            "chrome": {
              "version_added": "50"
            },
            "chrome_android": {
              "version_added": "50"
            },
            "edge": {
              "version_added": "18"
            },
            "firefox": {
              "version_added": "39"
            },
            "firefox_android": {
              "version_added": "39"
            },
            "ie": {
              "version_added": false
            },
            "opera": {
              "version_added": "37"
            },
            "opera_android": {
              "version_added": "37"
            },
            "safari": {
              "version_added": "11"
            },
            "safari_ios": {
              "version_added": "11"
            },
            "samsunginternet_android": {
              "version_added": "5.0"
            },
            "webview_android": {
              "version_added": "50"
            }
          },
          "status": {
            "experimental": false,
            "standard_track": true,
            "deprecated": false
          }
        }
      },
      "values": {
        "__compat": {
          "mdn_url": "https://developer.mozilla.org/docs/Web/API/FormData/values",
          "support": {
            "chrome": {
              "version_added": "50"
            },
            "chrome_android": {
              "version_added": "50"
            },
            "edge": {
              "version_added": "18"
            },
            "firefox": {
              "version_added": "44"
            },
            "firefox_android": {
              "version_added": "44"
            },
            "ie": {
              "version_added": false
            },
            "opera": {
              "version_added": "37"
            },
            "opera_android": {
              "version_added": "37"
            },
            "safari": {
              "version_added": "11"
            },
            "safari_ios": {
              "version_added": "11"
            },
            "samsunginternet_android": {
              "version_added": "5.0"
            },
            "webview_android": {
              "version_added": "50"
            }
          },
          "status": {
            "experimental": false,
            "standard_track": true,
            "deprecated": false
          }
        }
      },
      "worker_support": {
        "__compat": {
          "description": "Available in workers",
          "support": {
            "chrome": {
              "version_added": true
            },
            "chrome_android": {
              "version_added": true
            },
            "edge": {
              "version_added": "≤18"
            },
            "firefox": {
              "version_added": "39"
            },
            "firefox_android": {
              "version_added": true
            },
            "ie": {
              "version_added": false
            },
            "opera": {
              "version_added": true
            },
            "opera_android": {
              "version_added": true
            },
            "safari": {
              "version_added": false
            },
            "safari_ios": {
              "version_added": false
            },
            "samsunginternet_android": {
              "version_added": true
            },
            "webview_android": {
              "version_added": true
            }
          },
          "status": {
            "experimental": false,
            "standard_track": true,
            "deprecated": false
          }
        }
      }
    }
  }
}
