{
  "api": {
    "FullscreenOptions": {
      "__compat": {
        "mdn_url": "https://developer.mozilla.org/docs/Web/API/FullscreenOptions",
        "support": {
          "chrome": {
            "version_added": "71"
          },
          "chrome_android": {
            "version_added": "71"
          },
          "edge": {
            "version_added": "79"
          },
          "firefox": {
            "version_added": "64"
          },
          "firefox_android": {
            "version_added": "64"
          },
          "ie": {
            "version_added": false
          },
          "opera": {
            "version_added": null
          },
          "opera_android": {
            "version_added": null
          },
          "safari": {
            "version_added": null
          },
          "safari_ios": {
            "version_added": null
          },
          "samsunginternet_android": {
            "version_added": "10.0"
          },
          "webview_android": {
            "version_added": "71"
          }
        },
        "status": {
          "experimental": false,
          "standard_track": true,
          "deprecated": false
        }
      },
      "navigationUI": {
        "__compat": {
          "mdn_url": "https://developer.mozilla.org/docs/Web/API/FullscreenOptions/navigationUI",
          "support": {
            "chrome": {
              "version_added": "71"
            },
            "chrome_android": {
              "version_added": "71"
            },
            "edge": {
              "version_added": "79"
            },
            "firefox": {
              "version_added": "64"
            },
            "firefox_android": {
              "version_added": "64"
            },
            "ie": {
              "version_added": false
            },
            "opera": {
              "version_added": null
            },
            "opera_android": {
              "version_added": null
            },
            "safari": {
              "version_added": null
            },
            "safari_ios": {
              "version_added": null
            },
            "samsunginternet_android": {
              "version_added": "10.0"
            },
            "webview_android": {
              "version_added": "71"
            }
          },
          "status": {
            "experimental": false,
            "standard_track": true,
            "deprecated": false
          }
        }
      }
    }
  }
}
