{
  "api": {
    "GamepadHapticActuator": {
      "__compat": {
        "mdn_url": "https://developer.mozilla.org/docs/Web/API/GamepadHapticActuator",
        "support": {
          "chrome": {
            "version_added": false
          },
          "chrome_android": {
            "version_added": false
          },
          "edge": {
            "version_added": "15",
            "version_removed": "79"
          },
          "firefox": {
            "version_added": true,
            "flags": [
              {
                "type": "preference",
                "name": "dom.gamepad-extensions.enabled",
                "value_to_set": "true"
              }
            ],
            "notes": "The flag is enabled by default in Firefox Nightly and Beta, versions 55 and above."
          },
          "firefox_android": {
            "version_added": false
          },
          "ie": {
            "version_added": false
          },
          "opera": {
            "version_added": false
          },
          "opera_android": {
            "version_added": false
          },
          "safari": {
            "version_added": false
          },
          "safari_ios": {
            "version_added": false
          },
          "samsunginternet_android": {
            "version_added": false
          },
          "webview_android": {
            "version_added": false
          }
        },
        "status": {
          "experimental": true,
          "standard_track": true,
          "deprecated": false
        }
      },
      "pulse": {
        "__compat": {
          "mdn_url": "https://developer.mozilla.org/docs/Web/API/GamepadHapticActuator/pulse",
          "support": {
            "chrome": {
              "version_added": false
            },
            "chrome_android": {
              "version_added": false
            },
            "edge": {
              "version_added": "15",
              "version_removed": "79"
            },
            "firefox": {
              "version_added": true,
              "flags": [
                {
                  "type": "preference",
                  "name": "dom.gamepad-extensions.enabled",
                  "value_to_set": "true"
                }
              ],
              "notes": "The flag is enabled by default in Firefox Nightly and Beta, versions 55 and above."
            },
            "firefox_android": {
              "version_added": false
            },
            "ie": {
              "version_added": false
            },
            "opera": {
              "version_added": false
            },
            "opera_android": {
              "version_added": false
            },
            "safari": {
              "version_added": false
            },
            "safari_ios": {
              "version_added": false
            },
            "samsunginternet_android": {
              "version_added": false
            },
            "webview_android": {
              "version_added": false
            }
          },
          "status": {
            "experimental": true,
            "standard_track": true,
            "deprecated": false
          }
        }
      },
      "type": {
        "__compat": {
          "mdn_url": "https://developer.mozilla.org/docs/Web/API/GamepadHapticActuator/type",
          "support": {
            "chrome": {
              "version_added": false
            },
            "chrome_android": {
              "version_added": false
            },
            "edge": {
              "version_added": "15",
              "version_removed": "79"
            },
            "firefox": {
              "version_added": true,
              "flags": [
                {
                  "type": "preference",
                  "name": "dom.gamepad-extensions.enabled",
                  "value_to_set": "true"
                }
              ],
              "notes": "The flag is enabled by default in Firefox Nightly and Beta, versions 55 and above."
            },
            "firefox_android": {
              "version_added": false
            },
            "ie": {
              "version_added": false
            },
            "opera": {
              "version_added": false
            },
            "opera_android": {
              "version_added": false
            },
            "safari": {
              "version_added": false
            },
            "safari_ios": {
              "version_added": false
            },
            "samsunginternet_android": {
              "version_added": false
            },
            "webview_android": {
              "version_added": false
            }
          },
          "status": {
            "experimental": true,
            "standard_track": true,
            "deprecated": false
          }
        }
      }
    }
  }
}
