{
  "api": {
    "GeolocationPositionError": {
      "__compat": {
        "mdn_url": "https://developer.mozilla.org/docs/Web/API/GeolocationPositionError",
        "support": {
          "chrome": [
            {
              "version_added": "79"
            },
            {
              "version_added": "5",
              "version_removed": "78",
              "alternative_name": "PositionError"
            }
          ],
          "chrome_android": [
            {
              "version_added": "79"
            },
            {
              "version_added": "18",
              "version_removed": "78",
              "alternative_name": "PositionError"
            }
          ],
          "edge": [
            {
              "version_added": "79"
            },
            {
              "version_added": "12",
              "version_removed": "79",
              "alternative_name": "PositionError"
            }
          ],
          "firefox": [
            {
              "version_added": "72"
            },
            {
              "version_added": "3.5",
              "version_removed": "71",
              "alternative_name": "PositionError"
            }
          ],
          "firefox_android": {
            "alternative_name": "PositionError",
            "version_added": "4"
          },
          "ie": {
            "alternative_name": "PositionError",
            "version_added": "9"
          },
          "opera": {
            "alternative_name": "PositionError",
            "version_added": "16"
          },
          "opera_android": {
            "alternative_name": "PositionError",
            "version_added": "16"
          },
          "safari": {
            "alternative_name": "PositionError",
            "version_added": "5"
          },
          "safari_ios": {
            "alternative_name": "PositionError",
            "version_added": true
          },
          "webview_android": [
            {
              "version_added": "79"
            },
            {
              "version_added": true,
              "version_removed": "78",
              "alternative_name": "PositionError"
            }
          ]
        },
        "status": {
          "experimental": false,
          "standard_track": true,
          "deprecated": false
        }
      },
      "code": {
        "__compat": {
          "mdn_url": "https://developer.mozilla.org/docs/Web/API/GeolocationPositionError/code",
          "support": {
            "chrome": {
              "version_added": "5"
            },
            "chrome_android": {
              "version_added": "18"
            },
            "edge": {
              "version_added": "12"
            },
            "firefox": {
              "version_added": "3.5"
            },
            "firefox_android": {
              "version_added": "4"
            },
            "ie": {
              "version_added": "9"
            },
            "opera": {
              "version_added": "16"
            },
            "opera_android": {
              "version_added": "16"
            },
            "safari": {
              "version_added": "5"
            },
            "safari_ios": {
              "version_added": true
            },
            "samsunginternet_android": {
              "version_added": "1.0"
            },
            "webview_android": {
              "version_added": true
            }
          },
          "status": {
            "experimental": false,
            "standard_track": true,
            "deprecated": false
          }
        }
      },
      "message": {
        "__compat": {
          "mdn_url": "https://developer.mozilla.org/docs/Web/API/GeolocationPositionError/message",
          "support": {
            "chrome": {
              "version_added": "5"
            },
            "chrome_android": {
              "version_added": "18"
            },
            "edge": {
              "version_added": "12"
            },
            "firefox": {
              "version_added": "3.5"
            },
            "firefox_android": {
              "version_added": "4"
            },
            "ie": {
              "version_added": "9"
            },
            "opera": {
              "version_added": "16"
            },
            "opera_android": {
              "version_added": "16"
            },
            "safari": {
              "version_added": "5"
            },
            "safari_ios": {
              "version_added": true
            },
            "samsunginternet_android": {
              "version_added": "1.0"
            },
            "webview_android": {
              "version_added": true
            }
          },
          "status": {
            "experimental": false,
            "standard_track": true,
            "deprecated": false
          }
        }
      },
      "secure_context_required": {
        "__compat": {
          "description": "Secure context required",
          "support": {
            "chrome": {
              "version_added": "47"
            },
            "chrome_android": {
              "version_added": "47"
            },
            "edge": {
              "version_added": "≤18"
            },
            "firefox": {
              "version_added": "55"
            },
            "firefox_android": {
              "version_added": "55"
            },
            "ie": {
              "version_added": false
            },
            "opera": {
              "version_added": true
            },
            "opera_android": {
              "version_added": true
            },
            "safari": {
              "version_added": true
            },
            "safari_ios": {
              "version_added": true
            },
            "samsunginternet_android": {
              "version_added": "5.0"
            },
            "webview_android": {
              "version_added": "47"
            }
          },
          "status": {
            "experimental": false,
            "standard_track": true,
            "deprecated": false
          }
        }
      }
    }
  }
}
