{
  "api": {
    "HTMLTemplateElement": {
      "__compat": {
        "mdn_url": "https://developer.mozilla.org/docs/Web/API/HTMLTemplateElement",
        "support": {
          "chrome": {
            "version_added": "26"
          },
          "chrome_android": {
            "version_added": "26"
          },
          "edge": {
            "version_added": "13"
          },
          "firefox": {
            "version_added": "22"
          },
          "firefox_android": {
            "version_added": "22"
          },
          "ie": {
            "version_added": false
          },
          "opera": {
            "version_added": "15"
          },
          "opera_android": {
            "version_added": true
          },
          "safari": {
            "version_added": "8"
          },
          "safari_ios": {
            "version_added": "8"
          },
          "samsunginternet_android": {
            "version_added": "1.5"
          },
          "webview_android": {
            "version_added": true
          }
        },
        "status": {
          "experimental": false,
          "standard_track": true,
          "deprecated": false
        }
      },
      "content": {
        "__compat": {
          "mdn_url": "https://developer.mozilla.org/docs/Web/API/HTMLTemplateElement/content",
          "support": {
            "chrome": {
              "version_added": "26"
            },
            "chrome_android": {
              "version_added": "26"
            },
            "edge": {
              "version_added": "13"
            },
            "firefox": {
              "version_added": "22"
            },
            "firefox_android": {
              "version_added": "22"
            },
            "ie": {
              "version_added": false
            },
            "opera": {
              "version_added": "15"
            },
            "opera_android": {
              "version_added": true
            },
            "safari": {
              "version_added": "8"
            },
            "safari_ios": {
              "version_added": "8"
            },
            "samsunginternet_android": {
              "version_added": "1.5"
            },
            "webview_android": {
              "version_added": true
            }
          },
          "status": {
            "experimental": false,
            "standard_track": true,
            "deprecated": false
          }
        }
      }
    }
  }
}
