{
  "api": {
    "HTMLFontElement": {
      "__compat": {
        "mdn_url": "https://developer.mozilla.org/docs/Web/API/HTMLFontElement",
        "support": {
          "chrome": {
            "version_added": true
          },
          "edge": {
            "version_added": "≤18"
          },
          "firefox": {
            "version_added": "22"
          },
          "firefox_android": {
            "version_added": "22"
          },
          "ie": {
            "version_added": null
          },
          "opera": {
            "version_added": true
          },
          "safari": {
            "version_added": true
          }
        },
        "status": {
          "experimental": false,
          "standard_track": false,
          "deprecated": true
        }
      },
      "color": {
        "__compat": {
          "mdn_url": "https://developer.mozilla.org/docs/Web/API/HTMLFontElement/color",
          "support": {
            "chrome": {
              "version_added": true
            },
            "edge": {
              "version_added": "12"
            },
            "firefox": {
              "version_added": "22"
            },
            "firefox_android": {
              "version_added": "22"
            },
            "ie": {
              "version_added": null
            },
            "opera": {
              "version_added": true
            },
            "safari": {
              "version_added": true
            }
          },
          "status": {
            "experimental": false,
            "standard_track": false,
            "deprecated": true
          }
        }
      },
      "face": {
        "__compat": {
          "mdn_url": "https://developer.mozilla.org/docs/Web/API/HTMLFontElement/face",
          "support": {
            "chrome": {
              "version_added": true
            },
            "edge": {
              "version_added": "12"
            },
            "firefox": {
              "version_added": "22"
            },
            "firefox_android": {
              "version_added": "22"
            },
            "ie": {
              "version_added": null
            },
            "opera": {
              "version_added": true
            },
            "safari": {
              "version_added": true
            }
          },
          "status": {
            "experimental": false,
            "standard_track": false,
            "deprecated": true
          }
        }
      },
      "size": {
        "__compat": {
          "mdn_url": "https://developer.mozilla.org/docs/Web/API/HTMLFontElement/size",
          "support": {
            "chrome": {
              "version_added": true
            },
            "edge": {
              "version_added": "12"
            },
            "firefox": {
              "version_added": "22"
            },
            "firefox_android": {
              "version_added": "22"
            },
            "ie": {
              "version_added": null
            },
            "opera": {
              "version_added": true
            },
            "safari": {
              "version_added": true
            }
          },
          "status": {
            "experimental": false,
            "standard_track": false,
            "deprecated": true
          }
        }
      }
    }
  }
}
