{
  "api": {
    "HTMLFormControlsCollection": {
      "__compat": {
        "mdn_url": "https://developer.mozilla.org/docs/Web/API/HTMLFormControlsCollection",
        "support": {
          "chrome": {
            "version_added": true
          },
          "chrome_android": {
            "version_added": true
          },
          "edge": {
            "version_added": "79"
          },
          "firefox": {
            "version_added": "27"
          },
          "firefox_android": {
            "version_added": "27"
          },
          "ie": {
            "version_added": false
          },
          "opera": {
            "version_added": true
          },
          "opera_android": {
            "version_added": true
          },
          "safari": {
            "version_added": true
          },
          "safari_ios": {
            "version_added": true
          },
          "samsunginternet_android": {
            "version_added": true
          },
          "webview_android": {
            "version_added": true
          }
        },
        "status": {
          "experimental": false,
          "standard_track": true,
          "deprecated": false
        }
      },
      "namedItem": {
        "__compat": {
          "mdn_url": "https://developer.mozilla.org/docs/Web/API/HTMLFormControlsCollection/namedItem",
          "support": {
            "chrome": {
              "version_added": true
            },
            "chrome_android": {
              "version_added": true
            },
            "edge": {
              "version_added": "79"
            },
            "firefox": [
              {
                "version_added": "33"
              },
              {
                "version_added": "27",
                "version_removed": "33",
                "partial_implementation": true,
                "notes": "Returned a <a href='https://developer.mozilla.org/docs/Web/API/NodeList'><code>NodeList</code></a> instead of a <a href='https://developer.mozilla.org/docs/Web/API/RadioNodeList'><code>RadioNodeList</code></a>."
              }
            ],
            "firefox_android": [
              {
                "version_added": "33"
              },
              {
                "version_added": "27",
                "version_removed": "33",
                "partial_implementation": true,
                "notes": "Returned a <a href='https://developer.mozilla.org/docs/Web/API/NodeList'><code>NodeList</code></a> instead of a <a href='https://developer.mozilla.org/docs/Web/API/RadioNodeList'><code>RadioNodeList</code></a>."
              }
            ],
            "ie": {
              "version_added": false
            },
            "opera": {
              "version_added": true
            },
            "opera_android": {
              "version_added": true
            },
            "safari": {
              "version_added": true
            },
            "safari_ios": {
              "version_added": true
            },
            "samsunginternet_android": {
              "version_added": true
            },
            "webview_android": {
              "version_added": true
            }
          },
          "status": {
            "experimental": false,
            "standard_track": true,
            "deprecated": false
          }
        }
      }
    }
  }
}
