{
  "api": {
    "HTMLIFrameElement": {
      "__compat": {
        "mdn_url": "https://developer.mozilla.org/docs/Web/API/HTMLIFrameElement",
        "support": {
          "chrome": {
            "version_added": true
          },
          "chrome_android": {
            "version_added": true
          },
          "edge": {
            "version_added": "12"
          },
          "firefox": {
            "version_added": "1"
          },
          "firefox_android": {
            "version_added": "4"
          },
          "ie": {
            "version_added": true
          },
          "opera": {
            "version_added": true
          },
          "opera_android": {
            "version_added": true
          },
          "safari": {
            "version_added": true
          },
          "safari_ios": {
            "version_added": true
          },
          "samsunginternet_android": {
            "version_added": true
          },
          "webview_android": {
            "version_added": true
          }
        },
        "status": {
          "experimental": false,
          "standard_track": true,
          "deprecated": false
        }
      },
      "align": {
        "__compat": {
          "mdn_url": "https://developer.mozilla.org/docs/Web/API/HTMLIFrameElement/align",
          "support": {
            "chrome": {
              "version_added": "43"
            },
            "chrome_android": {
              "version_added": true
            },
            "edge": {
              "version_added": "12"
            },
            "firefox": {
              "version_added": true
            },
            "firefox_android": {
              "version_added": true
            },
            "ie": {
              "version_added": null
            },
            "opera": {
              "version_added": true
            },
            "opera_android": {
              "version_added": true
            },
            "safari": {
              "version_added": "6"
            },
            "safari_ios": {
              "version_added": true
            },
            "samsunginternet_android": {
              "version_added": true
            },
            "webview_android": {
              "version_added": true
            }
          },
          "status": {
            "experimental": false,
            "standard_track": true,
            "deprecated": true
          }
        }
      },
      "allow": {
        "__compat": {
          "support": {
            "chrome": {
              "version_added": "60"
            },
            "chrome_android": {
              "version_added": "66"
            },
            "edge": {
              "version_added": "≤79"
            },
            "firefox": {
              "version_added": "74"
            },
            "firefox_android": {
              "version_added": false
            },
            "ie": {
              "version_added": null
            },
            "opera": {
              "version_added": "53"
            },
            "opera_android": {
              "version_added": "47"
            },
            "safari": {
              "version_added": true
            },
            "safari_ios": {
              "version_added": true
            },
            "samsunginternet_android": {
              "version_added": "9.0"
            },
            "webview_android": {
              "version_added": "66"
            }
          },
          "status": {
            "experimental": false,
            "standard_track": true,
            "deprecated": false
          }
        }
      },
      "allowFullScreen": {
        "__compat": {
          "support": {
            "chrome": {
              "prefix": "webkit",
              "version_added": "17",
              "notes": "Daily test builds only."
            },
            "chrome_android": {
              "prefix": "webkit",
              "version_added": "18",
              "notes": "Daily test builds only."
            },
            "edge": {
              "version_added": "≤18"
            },
            "firefox": [
              {
                "version_added": "18"
              },
              {
                "prefix": "moz",
                "version_added": "9"
              }
            ],
            "firefox_android": [
              {
                "version_added": "18"
              },
              {
                "prefix": "moz",
                "version_added": "9"
              }
            ],
            "ie": {
              "version_added": false
            },
            "opera": {
              "version_added": false
            },
            "opera_android": {
              "version_added": false
            },
            "safari": {
              "version_added": false
            },
            "safari_ios": {
              "version_added": null
            },
            "samsunginternet_android": {
              "version_added": false
            },
            "webview_android": {
              "prefix": "webkit",
              "version_added": true,
              "notes": "Daily test builds only."
            }
          },
          "status": {
            "experimental": true,
            "standard_track": true,
            "deprecated": false
          }
        }
      },
      "allowPaymentRequest": {
        "__compat": {
          "mdn_url": "https://developer.mozilla.org/docs/Web/API/HTMLIFrameElement/allowPaymentRequest",
          "support": {
            "chrome": {
              "version_added": "60",
              "flags": [
                {
                  "type": "preference",
                  "name": "#web-payments",
                  "value_to_set": "Enabled"
                }
              ]
            },
            "chrome_android": {
              "version_added": "61",
              "flags": [
                {
                  "type": "preference",
                  "name": "#web-payments",
                  "value_to_set": "Enabled"
                }
              ]
            },
            "edge": {
              "version_added": "15"
            },
            "firefox": {
              "version_added": "56"
            },
            "firefox_android": {
              "version_added": true
            },
            "ie": {
              "version_added": null
            },
            "opera": {
              "version_added": false
            },
            "opera_android": {
              "version_added": false
            },
            "safari": {
              "version_added": null
            },
            "safari_ios": {
              "version_added": null
            },
            "samsunginternet_android": {
              "version_added": false
            },
            "webview_android": {
              "version_added": false
            }
          },
          "status": {
            "experimental": true,
            "standard_track": true,
            "deprecated": false
          }
        }
      },
      "contentDocument": {
        "__compat": {
          "mdn_url": "https://developer.mozilla.org/docs/Web/API/HTMLIFrameElement/contentDocument",
          "support": {
            "chrome": {
              "version_added": "43"
            },
            "chrome_android": {
              "version_added": true
            },
            "edge": {
              "version_added": "12"
            },
            "firefox": {
              "version_added": true
            },
            "firefox_android": {
              "version_added": "4"
            },
            "ie": {
              "version_added": "8"
            },
            "opera": {
              "version_added": true
            },
            "opera_android": {
              "version_added": true
            },
            "safari": {
              "version_added": "10"
            },
            "safari_ios": {
              "version_added": true
            },
            "samsunginternet_android": {
              "version_added": true
            },
            "webview_android": {
              "version_added": true
            }
          },
          "status": {
            "experimental": false,
            "standard_track": true,
            "deprecated": false
          }
        }
      },
      "contentWindow": {
        "__compat": {
          "mdn_url": "https://developer.mozilla.org/docs/Web/API/HTMLIFrameElement/contentWindow",
          "support": {
            "chrome": {
              "version_added": "1"
            },
            "chrome_android": {
              "version_added": "18"
            },
            "edge": {
              "version_added": "12"
            },
            "firefox": {
              "version_added": "1"
            },
            "firefox_android": {
              "version_added": "4"
            },
            "ie": {
              "version_added": "8"
            },
            "opera": {
              "version_added": "8"
            },
            "opera_android": {
              "version_added": "10.1"
            },
            "safari": {
              "version_added": "3"
            },
            "safari_ios": {
              "version_added": "1"
            },
            "samsunginternet_android": {
              "version_added": "1.0"
            },
            "webview_android": {
              "version_added": "1"
            }
          },
          "status": {
            "experimental": false,
            "standard_track": true,
            "deprecated": false
          }
        }
      },
      "csp": {
        "__compat": {
          "mdn_url": "https://developer.mozilla.org/docs/Web/API/HTMLIFrameElement/csp",
          "support": {
            "chrome": {
              "version_added": "61"
            },
            "chrome_android": {
              "version_added": "61"
            },
            "edge": {
              "version_added": "≤79"
            },
            "firefox": {
              "version_added": null
            },
            "firefox_android": {
              "version_added": null
            },
            "ie": {
              "version_added": null
            },
            "opera": {
              "version_added": "48"
            },
            "opera_android": {
              "version_added": "45"
            },
            "safari": {
              "version_added": null
            },
            "safari_ios": {
              "version_added": null
            },
            "samsunginternet_android": {
              "version_added": "8.0"
            },
            "webview_android": {
              "version_added": "61"
            }
          },
          "status": {
            "experimental": true,
            "standard_track": true,
            "deprecated": false
          }
        }
      },
      "featurePolicy": {
        "__compat": {
          "mdn_url": "https://developer.mozilla.org/docs/Web/API/HTMLIFrameElement/featurePolicy",
          "support": {
            "chrome": [
              {
                "version_added": "74",
                "notes": "<a href='https://www.chromestatus.com/feature/5190687460950016'>Chrome Platform Status</a> incorrectly describes this variable as <code>document.policy</code>. It was renamed in <a href='https://crbug.com/917057'>bug 917057</a> before being shipped in <a href='https://crbug.com/703703#c22'>bug 703703</a>."
              },
              {
                "version_added": "73",
                "version_removed": "74",
                "flags": [
                  {
                    "type": "preference",
                    "name": "#enable-experimental-productivity-features",
                    "value_to_set": "Enabled"
                  }
                ]
              },
              {
                "version_added": "69",
                "version_removed": "73",
                "alternative_name": "policy",
                "flags": [
                  {
                    "type": "preference",
                    "name": "#enable-experimental-productivity-features",
                    "value_to_set": "Enabled"
                  }
                ]
              }
            ],
            "chrome_android": [
              {
                "version_added": "74",
                "notes": "<a href='https://www.chromestatus.com/feature/5190687460950016'>Chrome Platform Status</a> incorrectly describes this variable as <code>document.policy</code>. It was renamed in <a href='https://crbug.com/917057'>bug 917057</a> before being shipped in <a href='https://crbug.com/703703#c22'>bug 703703</a>."
              },
              {
                "version_added": "73",
                "version_removed": "74",
                "flags": [
                  {
                    "type": "preference",
                    "name": "#enable-experimental-productivity-features",
                    "value_to_set": "Enabled"
                  }
                ]
              },
              {
                "version_added": "69",
                "version_removed": "73",
                "alternative_name": "policy",
                "flags": [
                  {
                    "type": "preference",
                    "name": "#enable-experimental-productivity-features",
                    "value_to_set": "Enabled"
                  }
                ]
              }
            ],
            "edge": {
              "version_added": "79",
              "notes": "<a href='https://www.chromestatus.com/feature/5190687460950016'>Edge Platform Status</a> incorrectly describes this variable as <code>document.policy</code>. It was renamed in <a href='https://crbug.com/917057'>bug 917057</a> before being shipped in <a href='https://crbug.com/703703#c22'>bug 703703</a>."
            },
            "firefox": [
              {
                "version_added": "69",
                "flags": [
                  {
                    "type": "preference",
                    "name": "dom.security.featurePolicy.webidl.enabled",
                    "value_to_set": "true"
                  }
                ]
              },
              {
                "version_added": "65",
                "version_removed": "69",
                "alternative_name": "policy",
                "flags": [
                  {
                    "type": "preference",
                    "name": "dom.security.featurePolicy.webidl.enabled",
                    "value_to_set": "true"
                  }
                ]
              }
            ],
            "firefox_android": {
              "version_added": "65",
              "alternative_name": "policy",
              "flags": [
                {
                  "type": "preference",
                  "name": "dom.security.featurePolicy.webidl.enabled",
                  "value_to_set": "true"
                }
              ]
            },
            "ie": {
              "version_added": false
            },
            "opera": [
              {
                "version_added": "62"
              },
              {
                "version_added": "60",
                "version_removed": "62",
                "flags": [
                  {
                    "type": "preference",
                    "name": "#enable-experimental-productivity-features",
                    "value_to_set": "Enabled"
                  }
                ]
              },
              {
                "version_added": "56",
                "version_removed": "60",
                "alternative_name": "policy",
                "flags": [
                  {
                    "type": "preference",
                    "name": "#enable-experimental-productivity-features",
                    "value_to_set": "Enabled"
                  }
                ]
              }
            ],
            "opera_android": {
              "version_added": "48",
              "alternative_name": "policy",
              "flags": [
                {
                  "type": "preference",
                  "name": "#enable-experimental-productivity-features",
                  "value_to_set": "Enabled"
                }
              ]
            },
            "safari": {
              "version_added": false
            },
            "safari_ios": {
              "version_added": false
            },
            "samsunginternet_android": {
              "version_added": "11.0"
            },
            "webview_android": {
              "version_added": "74",
              "notes": "<a href='https://www.chromestatus.com/feature/5190687460950016'>Chrome Platform Status</a> incorrectly describes this variable as <code>document.policy</code>. It was renamed in <a href='https://crbug.com/917057'>bug 917057</a> before being shipped in <a href='https://crbug.com/703703#c22'>bug 703703</a>."
            }
          },
          "status": {
            "experimental": true,
            "standard_track": true,
            "deprecated": false
          }
        }
      },
      "frameBorder": {
        "__compat": {
          "mdn_url": "https://developer.mozilla.org/docs/Web/API/HTMLIFrameElement/frameBorder",
          "support": {
            "chrome": {
              "version_added": "43"
            },
            "chrome_android": {
              "version_added": true
            },
            "edge": {
              "version_added": "12"
            },
            "firefox": {
              "version_added": true
            },
            "firefox_android": {
              "version_added": true
            },
            "ie": {
              "version_added": null
            },
            "opera": {
              "version_added": true
            },
            "opera_android": {
              "version_added": true
            },
            "safari": {
              "version_added": "6"
            },
            "safari_ios": {
              "version_added": true
            },
            "samsunginternet_android": {
              "version_added": true
            },
            "webview_android": {
              "version_added": true
            }
          },
          "status": {
            "experimental": false,
            "standard_track": true,
            "deprecated": true
          }
        }
      },
      "height": {
        "__compat": {
          "mdn_url": "https://developer.mozilla.org/docs/Web/API/HTMLIFrameElement/height",
          "support": {
            "chrome": {
              "version_added": "43"
            },
            "chrome_android": {
              "version_added": true
            },
            "edge": {
              "version_added": "12"
            },
            "firefox": {
              "version_added": true
            },
            "firefox_android": {
              "version_added": true
            },
            "ie": {
              "version_added": null
            },
            "opera": {
              "version_added": true
            },
            "opera_android": {
              "version_added": true
            },
            "safari": {
              "version_added": "6"
            },
            "safari_ios": {
              "version_added": true
            },
            "samsunginternet_android": {
              "version_added": true
            },
            "webview_android": {
              "version_added": true
            }
          },
          "status": {
            "experimental": false,
            "standard_track": true,
            "deprecated": false
          }
        }
      },
      "longDesc": {
        "__compat": {
          "mdn_url": "https://developer.mozilla.org/docs/Web/API/HTMLIFrameElement/longDesc",
          "support": {
            "chrome": {
              "version_added": "43"
            },
            "chrome_android": {
              "version_added": true
            },
            "edge": {
              "version_added": "12"
            },
            "firefox": {
              "version_added": true
            },
            "firefox_android": {
              "version_added": true
            },
            "ie": {
              "version_added": null
            },
            "opera": {
              "version_added": true
            },
            "opera_android": {
              "version_added": true
            },
            "safari": {
              "version_added": "6"
            },
            "safari_ios": {
              "version_added": true
            },
            "samsunginternet_android": {
              "version_added": true
            },
            "webview_android": {
              "version_added": true
            }
          },
          "status": {
            "experimental": false,
            "standard_track": true,
            "deprecated": true
          }
        }
      },
      "marginHeight": {
        "__compat": {
          "mdn_url": "https://developer.mozilla.org/docs/Web/API/HTMLIFrameElement/marginHeight",
          "support": {
            "chrome": {
              "version_added": "43"
            },
            "chrome_android": {
              "version_added": true
            },
            "edge": {
              "version_added": "12"
            },
            "firefox": {
              "version_added": true
            },
            "firefox_android": {
              "version_added": true
            },
            "ie": {
              "version_added": null
            },
            "opera": {
              "version_added": true
            },
            "opera_android": {
              "version_added": true
            },
            "safari": {
              "version_added": "6"
            },
            "safari_ios": {
              "version_added": true
            },
            "samsunginternet_android": {
              "version_added": true
            },
            "webview_android": {
              "version_added": true
            }
          },
          "status": {
            "experimental": false,
            "standard_track": true,
            "deprecated": true
          }
        }
      },
      "marginWidth": {
        "__compat": {
          "mdn_url": "https://developer.mozilla.org/docs/Web/API/HTMLIFrameElement/marginWidth",
          "support": {
            "chrome": {
              "version_added": "43"
            },
            "chrome_android": {
              "version_added": true
            },
            "edge": {
              "version_added": "12"
            },
            "firefox": {
              "version_added": true
            },
            "firefox_android": {
              "version_added": true
            },
            "ie": {
              "version_added": null
            },
            "opera": {
              "version_added": true
            },
            "opera_android": {
              "version_added": true
            },
            "safari": {
              "version_added": "6"
            },
            "safari_ios": {
              "version_added": true
            },
            "samsunginternet_android": {
              "version_added": true
            },
            "webview_android": {
              "version_added": true
            }
          },
          "status": {
            "experimental": false,
            "standard_track": true,
            "deprecated": true
          }
        }
      },
      "name": {
        "__compat": {
          "mdn_url": "https://developer.mozilla.org/docs/Web/API/HTMLIFrameElement/name",
          "support": {
            "chrome": {
              "version_added": "43"
            },
            "chrome_android": {
              "version_added": true
            },
            "edge": {
              "version_added": "12"
            },
            "firefox": {
              "version_added": true
            },
            "firefox_android": {
              "version_added": true
            },
            "ie": {
              "version_added": null
            },
            "opera": {
              "version_added": true
            },
            "opera_android": {
              "version_added": true
            },
            "safari": {
              "version_added": "6"
            },
            "safari_ios": {
              "version_added": true
            },
            "samsunginternet_android": {
              "version_added": true
            },
            "webview_android": {
              "version_added": true
            }
          },
          "status": {
            "experimental": false,
            "standard_track": true,
            "deprecated": false
          }
        }
      },
      "referrerPolicy": {
        "__compat": {
          "mdn_url": "https://developer.mozilla.org/docs/Web/API/HTMLIFrameElement/referrerPolicy",
          "support": {
            "chrome": {
              "version_added": "51"
            },
            "chrome_android": {
              "version_added": "51"
            },
            "edge": {
              "version_added": "79"
            },
            "firefox": {
              "version_added": "50"
            },
            "firefox_android": {
              "version_added": "50"
            },
            "ie": {
              "version_added": false
            },
            "opera": {
              "version_added": "38"
            },
            "opera_android": {
              "version_added": "41"
            },
            "safari": {
              "version_added": "11.1"
            },
            "safari_ios": {
              "version_added": false
            },
            "samsunginternet_android": {
              "version_added": "5.0"
            },
            "webview_android": {
              "version_added": "51"
            }
          },
          "status": {
            "experimental": false,
            "standard_track": true,
            "deprecated": false
          }
        }
      },
      "sandbox": {
        "__compat": {
          "support": {
            "chrome": {
              "version_added": "43",
              "notes": "Before Chrome 50, this property returned the deprecated child <code>DOMSettableTokenList</code> instead of <code>DOMTokenList</code>."
            },
            "chrome_android": {
              "version_added": "18",
              "notes": "Before Chrome 50, this property returned the deprecated child <code>DOMSettableTokenList</code> instead of <code>DOMTokenList</code>."
            },
            "edge": {
              "version_added": "12"
            },
            "firefox": {
              "version_added": "17",
              "notes": "Previously, the type of <code>sandbox</code> was a <code>DOMString</code> instead of a <code>DOMSettableTokenList</code>. This has been fixed with Firefox 29. Other browsers may still implement the property as <code>DOMString</code> since it was a late change in the specification."
            },
            "firefox_android": {
              "version_added": "17",
              "notes": "Previously, the type of <code>sandbox</code> was a <code>DOMString</code> instead of a <code>DOMSettableTokenList</code>. This has been fixed with Firefox 29. Other browsers may still implement the property as <code>DOMString</code> since it was a late change in the specification."
            },
            "ie": {
              "version_added": null
            },
            "opera": {
              "version_added": true,
              "notes": "Before Opera 37, this property returned the deprecated child <code>DOMSettableTokenList</code> instead of <code>DOMTokenList</code>."
            },
            "opera_android": {
              "version_added": true,
              "notes": "Before Opera 37, this property returned the deprecated child <code>DOMSettableTokenList</code> instead of <code>DOMTokenList</code>."
            },
            "safari": {
              "version_added": "6"
            },
            "safari_ios": {
              "version_added": true
            },
            "samsunginternet_android": {
              "version_added": "1.0",
              "notes": "Before Samsung Internet 5.0, this property returned the deprecated child <code>DOMSettableTokenList</code> instead of <code>DOMTokenList</code>."
            },
            "webview_android": {
              "version_added": true,
              "notes": "Before Chrome 50, this property returned the deprecated child <code>DOMSettableTokenList</code> instead of <code>DOMTokenList</code>."
            }
          },
          "status": {
            "experimental": false,
            "standard_track": true,
            "deprecated": false
          }
        }
      },
      "scrolling": {
        "__compat": {
          "mdn_url": "https://developer.mozilla.org/docs/Web/API/HTMLIFrameElement/scrolling",
          "support": {
            "chrome": {
              "version_added": "43"
            },
            "chrome_android": {
              "version_added": true
            },
            "edge": {
              "version_added": "12"
            },
            "firefox": {
              "version_added": true
            },
            "firefox_android": {
              "version_added": true
            },
            "ie": {
              "version_added": null
            },
            "opera": {
              "version_added": true
            },
            "opera_android": {
              "version_added": true
            },
            "safari": {
              "version_added": "6"
            },
            "safari_ios": {
              "version_added": true
            },
            "samsunginternet_android": {
              "version_added": true
            },
            "webview_android": {
              "version_added": true
            }
          },
          "status": {
            "experimental": false,
            "standard_track": true,
            "deprecated": true
          }
        }
      },
      "setNfcFocus": {
        "__compat": {
          "mdn_url": "https://developer.mozilla.org/docs/Web/API/HTMLIFrameElement/setNfcFocus",
          "support": {
            "chrome": {
              "version_added": false
            },
            "chrome_android": {
              "version_added": false
            },
            "edge": {
              "version_added": false
            },
            "firefox": {
              "version_added": false,
              "notes": "Supported in chrome code only since Firefox version 47."
            },
            "firefox_android": {
              "version_added": false
            },
            "ie": {
              "version_added": false
            },
            "opera": {
              "version_added": false
            },
            "opera_android": {
              "version_added": false
            },
            "safari": {
              "version_added": false
            },
            "safari_ios": {
              "version_added": false
            },
            "samsunginternet_android": {
              "version_added": false
            },
            "webview_android": {
              "version_added": false
            }
          },
          "status": {
            "experimental": false,
            "standard_track": false,
            "deprecated": false
          }
        }
      },
      "src": {
        "__compat": {
          "mdn_url": "https://developer.mozilla.org/docs/Web/API/HTMLIFrameElement/src",
          "support": {
            "chrome": {
              "version_added": "43"
            },
            "chrome_android": {
              "version_added": true
            },
            "edge": {
              "version_added": "12"
            },
            "firefox": {
              "version_added": true
            },
            "firefox_android": {
              "version_added": true
            },
            "ie": {
              "version_added": null
            },
            "opera": {
              "version_added": true
            },
            "opera_android": {
              "version_added": true
            },
            "safari": {
              "version_added": "6"
            },
            "safari_ios": {
              "version_added": true
            },
            "samsunginternet_android": {
              "version_added": true
            },
            "webview_android": {
              "version_added": true
            }
          },
          "status": {
            "experimental": false,
            "standard_track": true,
            "deprecated": false
          }
        }
      },
      "srcdoc": {
        "__compat": {
          "support": {
            "chrome": {
              "version_added": "43"
            },
            "chrome_android": {
              "version_added": "18"
            },
            "edge": {
              "version_added": "79"
            },
            "firefox": {
              "version_added": "25"
            },
            "firefox_android": {
              "version_added": "25"
            },
            "ie": {
              "version_added": false
            },
            "opera": {
              "version_added": true
            },
            "opera_android": {
              "version_added": true
            },
            "safari": {
              "version_added": "6"
            },
            "safari_ios": {
              "version_added": true
            },
            "samsunginternet_android": {
              "version_added": "1.0"
            },
            "webview_android": {
              "version_added": true
            }
          },
          "status": {
            "experimental": false,
            "standard_track": true,
            "deprecated": false
          }
        }
      },
      "width": {
        "__compat": {
          "mdn_url": "https://developer.mozilla.org/docs/Web/API/HTMLIFrameElement/width",
          "support": {
            "chrome": {
              "version_added": "43"
            },
            "chrome_android": {
              "version_added": true
            },
            "edge": {
              "version_added": "12"
            },
            "firefox": {
              "version_added": true
            },
            "firefox_android": {
              "version_added": true
            },
            "ie": {
              "version_added": null
            },
            "opera": {
              "version_added": true
            },
            "opera_android": {
              "version_added": true
            },
            "safari": {
              "version_added": "6"
            },
            "safari_ios": {
              "version_added": true
            },
            "samsunginternet_android": {
              "version_added": true
            },
            "webview_android": {
              "version_added": true
            }
          },
          "status": {
            "experimental": false,
            "standard_track": true,
            "deprecated": false
          }
        }
      }
    }
  }
}
