{
  "api": {
    "HTMLLIElement": {
      "__compat": {
        "mdn_url": "https://developer.mozilla.org/docs/Web/API/HTMLLIElement",
        "support": {
          "chrome": {
            "version_added": true
          },
          "edge": {
            "version_added": "12"
          },
          "firefox": {
            "version_added": "1",
            "notes": "Prior to Firefox 10, Gecko incorrectly reflected negative value attributes to 0."
          },
          "firefox_android": {
            "version_added": "4",
            "notes": "Prior to Firefox 10, Gecko incorrectly reflected negative value attributes to 0."
          },
          "ie": {
            "version_added": true
          },
          "opera": {
            "version_added": true
          },
          "opera_android": {
            "version_added": true
          },
          "safari": {
            "version_added": true
          },
          "safari_ios": {
            "version_added": true
          },
          "webview_android": {
            "version_added": true
          }
        },
        "status": {
          "experimental": false,
          "standard_track": true,
          "deprecated": false
        }
      }
    }
  }
}
