{
  "api": {
    "HTMLMarqueeElement": {
      "__compat": {
        "mdn_url": "https://developer.mozilla.org/docs/Web/API/HTMLMarqueeElement",
        "support": {
          "chrome": {
            "version_added": "1"
          },
          "chrome_android": {
            "version_added": "18"
          },
          "edge": {
            "version_added": "12"
          },
          "firefox": {
            "version_added": "65",
            "notes": "Before Firefox 65, <code>&lt;marquee&gt;</code> implemented the <code>HTMLDivElement</code> interface."
          },
          "firefox_android": {
            "version_added": "65",
            "notes": "Before Firefox 65, <code>&lt;marquee&gt;</code> implemented the <code>HTMLDivElement</code> interface."
          },
          "ie": {
            "version_added": "2"
          },
          "opera": {
            "version_added": "7.2"
          },
          "opera_android": {
            "version_added": "10.1"
          },
          "safari": {
            "version_added": "1.2"
          },
          "safari_ios": {
            "version_added": true
          },
          "samsunginternet_android": {
            "version_added": "1.0"
          },
          "webview_android": {
            "version_added": "1"
          }
        },
        "status": {
          "experimental": false,
          "standard_track": true,
          "deprecated": true
        }
      },
      "behavior": {
        "__compat": {
          "support": {
            "chrome": {
              "version_added": "1"
            },
            "chrome_android": {
              "version_added": "18"
            },
            "edge": {
              "version_added": "12"
            },
            "firefox": {
              "version_added": "65"
            },
            "firefox_android": {
              "version_added": "65"
            },
            "ie": {
              "version_added": "2"
            },
            "opera": {
              "version_added": "7.2"
            },
            "opera_android": {
              "version_added": "10.1"
            },
            "safari": {
              "version_added": "1.2"
            },
            "safari_ios": {
              "version_added": true
            },
            "samsunginternet_android": {
              "version_added": "1.0"
            },
            "webview_android": {
              "version_added": "1"
            }
          },
          "status": {
            "experimental": false,
            "standard_track": true,
            "deprecated": true
          }
        }
      },
      "bgcolor": {
        "__compat": {
          "support": {
            "chrome": {
              "version_added": "1"
            },
            "chrome_android": {
              "version_added": "18"
            },
            "edge": {
              "version_added": "12"
            },
            "firefox": {
              "version_added": "65"
            },
            "firefox_android": {
              "version_added": "65"
            },
            "ie": {
              "version_added": "2"
            },
            "opera": {
              "version_added": "7.2"
            },
            "opera_android": {
              "version_added": "10.1"
            },
            "safari": {
              "version_added": "1.2"
            },
            "safari_ios": {
              "version_added": true
            },
            "samsunginternet_android": {
              "version_added": "1.0"
            },
            "webview_android": {
              "version_added": "1"
            }
          },
          "status": {
            "experimental": false,
            "standard_track": true,
            "deprecated": true
          }
        }
      },
      "direction": {
        "__compat": {
          "support": {
            "chrome": {
              "version_added": "1"
            },
            "chrome_android": {
              "version_added": "18"
            },
            "edge": {
              "version_added": "12"
            },
            "firefox": {
              "version_added": "65"
            },
            "firefox_android": {
              "version_added": "65"
            },
            "ie": {
              "version_added": "2"
            },
            "opera": {
              "version_added": "7.2"
            },
            "opera_android": {
              "version_added": "10.1"
            },
            "safari": {
              "version_added": "1.2"
            },
            "safari_ios": {
              "version_added": true
            },
            "samsunginternet_android": {
              "version_added": "1.0"
            },
            "webview_android": {
              "version_added": "1"
            }
          },
          "status": {
            "experimental": false,
            "standard_track": true,
            "deprecated": true
          }
        }
      },
      "height": {
        "__compat": {
          "support": {
            "chrome": {
              "version_added": "1"
            },
            "chrome_android": {
              "version_added": "18"
            },
            "edge": {
              "version_added": "12"
            },
            "firefox": {
              "version_added": "65"
            },
            "firefox_android": {
              "version_added": "65"
            },
            "ie": {
              "version_added": "2"
            },
            "opera": {
              "version_added": "7.2"
            },
            "opera_android": {
              "version_added": "10.1"
            },
            "safari": {
              "version_added": "1.2"
            },
            "safari_ios": {
              "version_added": true
            },
            "samsunginternet_android": {
              "version_added": "1.0"
            },
            "webview_android": {
              "version_added": "1"
            }
          },
          "status": {
            "experimental": false,
            "standard_track": true,
            "deprecated": true
          }
        }
      },
      "hspace": {
        "__compat": {
          "support": {
            "chrome": {
              "version_added": true
            },
            "chrome_android": {
              "version_added": true
            },
            "edge": {
              "version_added": "12"
            },
            "firefox": {
              "version_added": "65"
            },
            "firefox_android": {
              "version_added": "65"
            },
            "ie": {
              "version_added": null
            },
            "opera": {
              "version_added": true
            },
            "opera_android": {
              "version_added": true
            },
            "safari": {
              "version_added": true
            },
            "safari_ios": {
              "version_added": true
            },
            "samsunginternet_android": {
              "version_added": true
            },
            "webview_android": {
              "version_added": true
            }
          },
          "status": {
            "experimental": false,
            "standard_track": true,
            "deprecated": true
          }
        }
      },
      "loop": {
        "__compat": {
          "support": {
            "chrome": {
              "version_added": true
            },
            "chrome_android": {
              "version_added": true
            },
            "edge": {
              "version_added": "12"
            },
            "firefox": {
              "version_added": "65"
            },
            "firefox_android": {
              "version_added": "65"
            },
            "ie": {
              "version_added": null
            },
            "opera": {
              "version_added": true
            },
            "opera_android": {
              "version_added": true
            },
            "safari": {
              "version_added": true
            },
            "safari_ios": {
              "version_added": true
            },
            "samsunginternet_android": {
              "version_added": true
            },
            "webview_android": {
              "version_added": true
            }
          },
          "status": {
            "experimental": false,
            "standard_track": true,
            "deprecated": true
          }
        }
      },
      "scrollamount": {
        "__compat": {
          "support": {
            "chrome": {
              "version_added": "1"
            },
            "chrome_android": {
              "version_added": "18"
            },
            "edge": {
              "version_added": "12"
            },
            "firefox": {
              "version_added": "65"
            },
            "firefox_android": {
              "version_added": "65"
            },
            "ie": {
              "version_added": "2"
            },
            "opera": {
              "version_added": "7.2"
            },
            "opera_android": {
              "version_added": "10.1"
            },
            "safari": {
              "version_added": "1.2"
            },
            "safari_ios": {
              "version_added": true
            },
            "samsunginternet_android": {
              "version_added": "1.0"
            },
            "webview_android": {
              "version_added": "1"
            }
          },
          "status": {
            "experimental": false,
            "standard_track": true,
            "deprecated": true
          }
        }
      },
      "scrolldelay": {
        "__compat": {
          "support": {
            "chrome": {
              "version_added": "1"
            },
            "chrome_android": {
              "version_added": "18"
            },
            "edge": {
              "version_added": "12"
            },
            "firefox": {
              "version_added": "65"
            },
            "firefox_android": {
              "version_added": "65"
            },
            "ie": {
              "version_added": "2"
            },
            "opera": {
              "version_added": "7.2"
            },
            "opera_android": {
              "version_added": "10.1"
            },
            "safari": {
              "version_added": "1.2"
            },
            "safari_ios": {
              "version_added": true
            },
            "samsunginternet_android": {
              "version_added": "1.0"
            },
            "webview_android": {
              "version_added": "1"
            }
          },
          "status": {
            "experimental": false,
            "standard_track": true,
            "deprecated": true
          }
        }
      },
      "truespeed": {
        "__compat": {
          "support": {
            "chrome": {
              "version_added": true
            },
            "chrome_android": {
              "version_added": true
            },
            "edge": {
              "version_added": "12"
            },
            "firefox": {
              "version_added": "65"
            },
            "firefox_android": {
              "version_added": "65"
            },
            "ie": {
              "version_added": "4"
            },
            "opera": {
              "version_added": true
            },
            "opera_android": {
              "version_added": true
            },
            "safari": {
              "version_added": false
            },
            "safari_ios": {
              "version_added": false
            },
            "samsunginternet_android": {
              "version_added": true
            },
            "webview_android": {
              "version_added": true
            }
          },
          "status": {
            "experimental": false,
            "standard_track": true,
            "deprecated": true
          }
        }
      },
      "vspace": {
        "__compat": {
          "support": {
            "chrome": {
              "version_added": true
            },
            "chrome_android": {
              "version_added": true
            },
            "edge": {
              "version_added": "12"
            },
            "firefox": {
              "version_added": "65"
            },
            "firefox_android": {
              "version_added": "65"
            },
            "ie": {
              "version_added": null
            },
            "opera": {
              "version_added": true
            },
            "opera_android": {
              "version_added": true
            },
            "safari": {
              "version_added": true
            },
            "safari_ios": {
              "version_added": true
            },
            "samsunginternet_android": {
              "version_added": true
            },
            "webview_android": {
              "version_added": true
            }
          },
          "status": {
            "experimental": false,
            "standard_track": true,
            "deprecated": true
          }
        }
      },
      "width": {
        "__compat": {
          "support": {
            "chrome": {
              "version_added": "1"
            },
            "chrome_android": {
              "version_added": "18"
            },
            "edge": {
              "version_added": "12"
            },
            "firefox": {
              "version_added": "65"
            },
            "firefox_android": {
              "version_added": "65"
            },
            "ie": {
              "version_added": "2"
            },
            "opera": {
              "version_added": "7.2"
            },
            "opera_android": {
              "version_added": "10.1"
            },
            "safari": {
              "version_added": "1.2"
            },
            "safari_ios": {
              "version_added": true
            },
            "samsunginternet_android": {
              "version_added": "1.0"
            },
            "webview_android": {
              "version_added": "1"
            }
          },
          "status": {
            "experimental": false,
            "standard_track": true,
            "deprecated": true
          }
        }
      }
    }
  }
}
