{
  "api": {
    "HTMLEmbedElement": {
      "__compat": {
        "mdn_url": "https://developer.mozilla.org/docs/Web/API/HTMLEmbedElement",
        "support": {
          "chrome": {
            "version_added": true,
            "notes": "Starting with Chrome 58, this interface can no longer be called as a function."
          },
          "chrome_android": {
            "version_added": true,
            "notes": "Starting with Chrome 58, this interface can no longer be called as a function."
          },
          "edge": {
            "version_added": "12"
          },
          "firefox": {
            "version_added": "1"
          },
          "firefox_android": {
            "version_added": "4"
          },
          "ie": {
            "version_added": true
          },
          "opera": {
            "version_added": true,
            "notes": "Starting with Opera 45, this interface can no longer be called as a function."
          },
          "opera_android": {
            "version_added": true,
            "notes": "Starting with Opera 45, this interface can no longer be called as a function."
          },
          "safari": {
            "version_added": true
          },
          "safari_ios": {
            "version_added": true
          },
          "samsunginternet_android": {
            "version_added": true,
            "notes": "Starting with Samsung Internet 7.0, this interface can no longer be called as a function."
          },
          "webview_android": {
            "version_added": true,
            "notes": "Starting with Chrome 58, this interface can no longer be called as a function."
          }
        },
        "status": {
          "experimental": false,
          "standard_track": true,
          "deprecated": false
        }
      }
    }
  }
}
