{
  "api": {
    "IDBDatabase": {
      "__compat": {
        "mdn_url": "https://developer.mozilla.org/docs/Web/API/IDBDatabase",
        "support": {
          "chrome": [
            {
              "version_added": "24"
            },
            {
              "version_added": "23",
              "version_removed": "57",
              "prefix": "webkit"
            }
          ],
          "chrome_android": [
            {
              "version_added": "25"
            },
            {
              "version_added": "25",
              "version_removed": "57",
              "prefix": "webkit"
            }
          ],
          "edge": {
            "version_added": "12"
          },
          "firefox": [
            {
              "version_added": "16"
            },
            {
              "version_added": "10",
              "version_removed": "16",
              "prefix": "moz"
            }
          ],
          "firefox_android": {
            "version_added": "22"
          },
          "ie": {
            "version_added": "10",
            "partial_implementation": true
          },
          "opera": {
            "version_added": "15"
          },
          "opera_android": {
            "version_added": "14"
          },
          "safari": {
            "version_added": "7"
          },
          "safari_ios": {
            "version_added": "8"
          },
          "samsunginternet_android": [
            {
              "version_added": "1.5"
            },
            {
              "version_removed": "7.0",
              "prefix": "webkit",
              "version_added": "1.5"
            }
          ],
          "webview_android": [
            {
              "version_added": true
            },
            {
              "version_added": true,
              "version_removed": "57",
              "prefix": "webkit"
            }
          ]
        },
        "status": {
          "experimental": false,
          "standard_track": true,
          "deprecated": false
        }
      },
      "abort_event": {
        "__compat": {
          "description": "<code>abort</code> event",
          "mdn_url": "https://developer.mozilla.org/docs/Web/API/IDBDatabase/abort_event",
          "support": {
            "chrome": [
              {
                "version_added": "24"
              },
              {
                "version_added": "23",
                "version_removed": "24",
                "prefix": "webkit"
              }
            ],
            "chrome_android": {
              "version_added": "25"
            },
            "edge": {
              "version_added": "12"
            },
            "firefox": [
              {
                "version_added": "16"
              },
              {
                "version_added": "10",
                "version_removed": "16",
                "prefix": "moz"
              }
            ],
            "firefox_android": {
              "version_added": "22"
            },
            "ie": {
              "version_added": "10",
              "partial_implementation": true
            },
            "opera": {
              "version_added": "15"
            },
            "opera_android": {
              "version_added": "14"
            },
            "safari": {
              "version_added": "7"
            },
            "safari_ios": {
              "version_added": "8"
            },
            "samsunginternet_android": {
              "version_added": "1.5"
            },
            "webview_android": {
              "version_added": true
            }
          },
          "status": {
            "experimental": false,
            "standard_track": true,
            "deprecated": false
          }
        }
      },
      "close": {
        "__compat": {
          "mdn_url": "https://developer.mozilla.org/docs/Web/API/IDBDatabase/close",
          "support": {
            "chrome": [
              {
                "version_added": "24"
              },
              {
                "version_added": "23",
                "version_removed": "24",
                "prefix": "webkit"
              }
            ],
            "chrome_android": {
              "version_added": "25"
            },
            "edge": {
              "version_added": "12"
            },
            "firefox": [
              {
                "version_added": "16"
              },
              {
                "version_added": "10",
                "version_removed": "16",
                "prefix": "moz"
              }
            ],
            "firefox_android": {
              "version_added": "22"
            },
            "ie": {
              "version_added": "10",
              "partial_implementation": true
            },
            "opera": {
              "version_added": "15"
            },
            "opera_android": {
              "version_added": "14"
            },
            "safari": {
              "version_added": "7"
            },
            "safari_ios": {
              "version_added": "8"
            },
            "samsunginternet_android": {
              "version_added": "1.5"
            },
            "webview_android": {
              "version_added": true
            }
          },
          "status": {
            "experimental": false,
            "standard_track": true,
            "deprecated": false
          }
        }
      },
      "close_event": {
        "__compat": {
          "description": "<code>close</code> event",
          "mdn_url": "https://developer.mozilla.org/docs/Web/API/IDBDatabase/close_event",
          "support": {
            "chrome": {
              "version_added": "31"
            },
            "chrome_android": {
              "version_added": "31"
            },
            "edge": {
              "version_added": "≤18"
            },
            "firefox": {
              "version_added": "50"
            },
            "firefox_android": {
              "version_added": "50"
            },
            "ie": {
              "version_added": null
            },
            "opera": {
              "version_added": true
            },
            "opera_android": {
              "version_added": true
            },
            "safari": {
              "version_added": "10.1"
            },
            "safari_ios": {
              "version_added": "10.3"
            },
            "samsunginternet_android": {
              "version_added": "2.0"
            },
            "webview_android": {
              "version_added": true
            }
          },
          "status": {
            "experimental": false,
            "standard_track": true,
            "deprecated": false
          }
        }
      },
      "createObjectStore": {
        "__compat": {
          "mdn_url": "https://developer.mozilla.org/docs/Web/API/IDBDatabase/createObjectStore",
          "support": {
            "chrome": [
              {
                "version_added": "24"
              },
              {
                "version_added": "23",
                "version_removed": "24",
                "prefix": "webkit"
              }
            ],
            "chrome_android": {
              "version_added": "25"
            },
            "edge": {
              "version_added": "12"
            },
            "firefox": [
              {
                "version_added": "16"
              },
              {
                "version_added": "10",
                "version_removed": "16",
                "prefix": "moz"
              }
            ],
            "firefox_android": {
              "version_added": "22"
            },
            "ie": {
              "version_added": "10",
              "partial_implementation": true
            },
            "opera": {
              "version_added": "15"
            },
            "opera_android": {
              "version_added": "14"
            },
            "safari": {
              "version_added": "7"
            },
            "safari_ios": {
              "version_added": "8"
            },
            "samsunginternet_android": {
              "version_added": "1.5"
            },
            "webview_android": {
              "version_added": true
            }
          },
          "status": {
            "experimental": false,
            "standard_track": true,
            "deprecated": false
          }
        }
      },
      "deleteObjectStore": {
        "__compat": {
          "mdn_url": "https://developer.mozilla.org/docs/Web/API/IDBDatabase/deleteObjectStore",
          "support": {
            "chrome": [
              {
                "version_added": "24"
              },
              {
                "version_added": "23",
                "version_removed": "24",
                "prefix": "webkit"
              }
            ],
            "chrome_android": {
              "version_added": "25"
            },
            "edge": {
              "version_added": "12"
            },
            "firefox": [
              {
                "version_added": "16"
              },
              {
                "version_added": "10",
                "version_removed": "16",
                "prefix": "moz"
              }
            ],
            "firefox_android": {
              "version_added": "22"
            },
            "ie": {
              "version_added": "10",
              "partial_implementation": true
            },
            "opera": {
              "version_added": "15"
            },
            "opera_android": {
              "version_added": "14"
            },
            "safari": {
              "version_added": "7"
            },
            "safari_ios": {
              "version_added": "8"
            },
            "samsunginternet_android": {
              "version_added": "1.5"
            },
            "webview_android": {
              "version_added": true
            }
          },
          "status": {
            "experimental": false,
            "standard_track": true,
            "deprecated": false
          }
        }
      },
      "error_event": {
        "__compat": {
          "description": "<code>error</code> event",
          "mdn_url": "https://developer.mozilla.org/docs/Web/API/IDBDatabase/error_event",
          "support": {
            "chrome": [
              {
                "version_added": "24"
              },
              {
                "version_added": "23",
                "version_removed": "24",
                "prefix": "webkit"
              }
            ],
            "chrome_android": {
              "version_added": "25"
            },
            "edge": {
              "version_added": "12"
            },
            "firefox": [
              {
                "version_added": "16"
              },
              {
                "version_added": "10",
                "version_removed": "16",
                "prefix": "moz"
              }
            ],
            "firefox_android": {
              "version_added": "22"
            },
            "ie": {
              "version_added": "10",
              "partial_implementation": true
            },
            "opera": {
              "version_added": "15"
            },
            "opera_android": {
              "version_added": "14"
            },
            "safari": {
              "version_added": "7"
            },
            "safari_ios": {
              "version_added": "8"
            },
            "samsunginternet_android": {
              "version_added": "1.5"
            },
            "webview_android": {
              "version_added": true
            }
          },
          "status": {
            "experimental": false,
            "standard_track": true,
            "deprecated": false
          }
        }
      },
      "name": {
        "__compat": {
          "mdn_url": "https://developer.mozilla.org/docs/Web/API/IDBDatabase/name",
          "support": {
            "chrome": [
              {
                "version_added": "24"
              },
              {
                "version_added": "23",
                "version_removed": "24",
                "prefix": "webkit"
              }
            ],
            "chrome_android": {
              "version_added": "25"
            },
            "edge": {
              "version_added": "12"
            },
            "firefox": [
              {
                "version_added": "16"
              },
              {
                "version_added": "10",
                "version_removed": "16",
                "prefix": "moz"
              }
            ],
            "firefox_android": {
              "version_added": "22"
            },
            "ie": {
              "version_added": "10",
              "partial_implementation": true
            },
            "opera": {
              "version_added": "15"
            },
            "opera_android": {
              "version_added": "14"
            },
            "safari": {
              "version_added": "7"
            },
            "safari_ios": {
              "version_added": "8"
            },
            "samsunginternet_android": {
              "version_added": "1.5"
            },
            "webview_android": {
              "version_added": true
            }
          },
          "status": {
            "experimental": false,
            "standard_track": true,
            "deprecated": false
          }
        }
      },
      "objectStoreNames": {
        "__compat": {
          "mdn_url": "https://developer.mozilla.org/docs/Web/API/IDBDatabase/objectStoreNames",
          "support": {
            "chrome": [
              {
                "version_added": "24"
              },
              {
                "version_added": "23",
                "version_removed": "24",
                "prefix": "webkit"
              }
            ],
            "chrome_android": {
              "version_added": "25"
            },
            "edge": {
              "version_added": "12"
            },
            "firefox": [
              {
                "version_added": "16"
              },
              {
                "version_added": "10",
                "version_removed": "16",
                "prefix": "moz"
              }
            ],
            "firefox_android": {
              "version_added": "22"
            },
            "ie": {
              "version_added": "10",
              "partial_implementation": true
            },
            "opera": {
              "version_added": "15"
            },
            "opera_android": {
              "version_added": "14"
            },
            "safari": {
              "version_added": "7"
            },
            "safari_ios": {
              "version_added": "8"
            },
            "samsunginternet_android": {
              "version_added": "1.5"
            },
            "webview_android": {
              "version_added": true
            }
          },
          "status": {
            "experimental": false,
            "standard_track": true,
            "deprecated": false
          }
        }
      },
      "onabort": {
        "__compat": {
          "mdn_url": "https://developer.mozilla.org/docs/Web/API/IDBDatabase/onabort",
          "support": {
            "chrome": [
              {
                "version_added": "24"
              },
              {
                "version_added": "23",
                "version_removed": "24",
                "prefix": "webkit"
              }
            ],
            "chrome_android": {
              "version_added": "25"
            },
            "edge": {
              "version_added": "12"
            },
            "firefox": [
              {
                "version_added": "16"
              },
              {
                "version_added": "10",
                "version_removed": "16",
                "prefix": "moz"
              }
            ],
            "firefox_android": {
              "version_added": "22"
            },
            "ie": {
              "version_added": "10",
              "partial_implementation": true
            },
            "opera": {
              "version_added": "15"
            },
            "opera_android": {
              "version_added": "14"
            },
            "safari": {
              "version_added": "7"
            },
            "safari_ios": {
              "version_added": "8"
            },
            "samsunginternet_android": {
              "version_added": "1.5"
            },
            "webview_android": {
              "version_added": true
            }
          },
          "status": {
            "experimental": false,
            "standard_track": true,
            "deprecated": false
          }
        }
      },
      "onclose": {
        "__compat": {
          "mdn_url": "https://developer.mozilla.org/docs/Web/API/IDBDatabase/onclose",
          "support": {
            "chrome": {
              "version_added": "31",
              "notes": "approx"
            },
            "chrome_android": {
              "version_added": "31"
            },
            "edge": {
              "version_added": "≤18"
            },
            "firefox": {
              "version_added": "50"
            },
            "firefox_android": {
              "version_added": "50"
            },
            "ie": {
              "version_added": null
            },
            "opera": {
              "version_added": true
            },
            "opera_android": {
              "version_added": true
            },
            "safari": {
              "version_added": "10.1"
            },
            "safari_ios": {
              "version_added": "10.3"
            },
            "samsunginternet_android": {
              "version_added": "2.0"
            },
            "webview_android": {
              "version_added": true
            }
          },
          "status": {
            "experimental": false,
            "standard_track": true,
            "deprecated": false
          }
        }
      },
      "onerror": {
        "__compat": {
          "mdn_url": "https://developer.mozilla.org/docs/Web/API/IDBDatabase/onerror",
          "support": {
            "chrome": [
              {
                "version_added": "24"
              },
              {
                "version_added": "23",
                "version_removed": "24",
                "prefix": "webkit"
              }
            ],
            "chrome_android": {
              "version_added": "25"
            },
            "edge": {
              "version_added": "12"
            },
            "firefox": [
              {
                "version_added": "16"
              },
              {
                "version_added": "10",
                "version_removed": "16",
                "prefix": "moz"
              }
            ],
            "firefox_android": {
              "version_added": "22"
            },
            "ie": {
              "version_added": "10",
              "partial_implementation": true
            },
            "opera": {
              "version_added": "15"
            },
            "opera_android": {
              "version_added": "14"
            },
            "safari": {
              "version_added": "7"
            },
            "safari_ios": {
              "version_added": "8"
            },
            "samsunginternet_android": {
              "version_added": "1.5"
            },
            "webview_android": {
              "version_added": true
            }
          },
          "status": {
            "experimental": false,
            "standard_track": true,
            "deprecated": false
          }
        }
      },
      "onversionchange": {
        "__compat": {
          "mdn_url": "https://developer.mozilla.org/docs/Web/API/IDBDatabase/onversionchange",
          "support": {
            "chrome": [
              {
                "version_added": "24"
              },
              {
                "version_added": "23",
                "version_removed": "24",
                "prefix": "webkit"
              }
            ],
            "chrome_android": {
              "version_added": "25"
            },
            "edge": {
              "version_added": "12"
            },
            "firefox": [
              {
                "version_added": "16"
              },
              {
                "version_added": "10",
                "version_removed": "16",
                "prefix": "moz"
              }
            ],
            "firefox_android": {
              "version_added": "22"
            },
            "ie": {
              "version_added": "10",
              "partial_implementation": true
            },
            "opera": {
              "version_added": "15"
            },
            "opera_android": {
              "version_added": "14"
            },
            "safari": {
              "version_added": "7"
            },
            "safari_ios": {
              "version_added": "8"
            },
            "samsunginternet_android": {
              "version_added": "1.5"
            },
            "webview_android": {
              "version_added": true
            }
          },
          "status": {
            "experimental": false,
            "standard_track": true,
            "deprecated": false
          }
        }
      },
      "transaction": {
        "__compat": {
          "mdn_url": "https://developer.mozilla.org/docs/Web/API/IDBDatabase/transaction",
          "support": {
            "chrome": [
              {
                "version_added": "24"
              },
              {
                "version_added": "23",
                "version_removed": "24",
                "prefix": "webkit"
              }
            ],
            "chrome_android": {
              "version_added": "25"
            },
            "edge": {
              "version_added": "12"
            },
            "firefox": [
              {
                "version_added": "16"
              },
              {
                "version_added": "10",
                "version_removed": "16",
                "prefix": "moz"
              }
            ],
            "firefox_android": {
              "version_added": "22"
            },
            "ie": {
              "version_added": "10",
              "partial_implementation": true
            },
            "opera": {
              "version_added": "15"
            },
            "opera_android": {
              "version_added": "14"
            },
            "safari": {
              "version_added": "7"
            },
            "safari_ios": {
              "version_added": "8"
            },
            "samsunginternet_android": {
              "version_added": "1.5"
            },
            "webview_android": {
              "version_added": true
            }
          },
          "status": {
            "experimental": false,
            "standard_track": true,
            "deprecated": false
          }
        }
      },
      "version": {
        "__compat": {
          "mdn_url": "https://developer.mozilla.org/docs/Web/API/IDBDatabase/version",
          "support": {
            "chrome": [
              {
                "version_added": "24"
              },
              {
                "version_added": "23",
                "version_removed": "24",
                "prefix": "webkit"
              }
            ],
            "chrome_android": {
              "version_added": "25"
            },
            "edge": {
              "version_added": "12"
            },
            "firefox": [
              {
                "version_added": "16"
              },
              {
                "version_added": "10",
                "version_removed": "16",
                "prefix": "moz"
              }
            ],
            "firefox_android": {
              "version_added": "22"
            },
            "ie": {
              "version_added": "10",
              "partial_implementation": true
            },
            "opera": {
              "version_added": "15"
            },
            "opera_android": {
              "version_added": "14"
            },
            "safari": {
              "version_added": "7"
            },
            "safari_ios": {
              "version_added": "8"
            },
            "samsunginternet_android": {
              "version_added": "1.5"
            },
            "webview_android": {
              "version_added": true
            }
          },
          "status": {
            "experimental": false,
            "standard_track": true,
            "deprecated": false
          }
        }
      },
      "versionchange_event": {
        "__compat": {
          "description": "<code>versionchange</code> event",
          "mdn_url": "https://developer.mozilla.org/docs/Web/API/IDBDatabase/versionchange_event",
          "support": {
            "chrome": [
              {
                "version_added": "24"
              },
              {
                "version_added": "23",
                "version_removed": "24",
                "prefix": "webkit"
              }
            ],
            "chrome_android": {
              "version_added": "25"
            },
            "edge": {
              "version_added": "12"
            },
            "firefox": [
              {
                "version_added": "16"
              },
              {
                "version_added": "10",
                "version_removed": "16",
                "prefix": "moz"
              }
            ],
            "firefox_android": {
              "version_added": "22"
            },
            "ie": {
              "version_added": "10",
              "partial_implementation": true
            },
            "opera": {
              "version_added": "15"
            },
            "opera_android": {
              "version_added": "14"
            },
            "safari": {
              "version_added": "7"
            },
            "safari_ios": {
              "version_added": "8"
            },
            "samsunginternet_android": {
              "version_added": "1.5"
            },
            "webview_android": {
              "version_added": true
            }
          },
          "status": {
            "experimental": false,
            "standard_track": true,
            "deprecated": false
          }
        }
      },
      "worker_support": {
        "__compat": {
          "description": "Available in workers",
          "support": {
            "chrome": [
              {
                "version_added": true
              },
              {
                "version_added": "23",
                "version_removed": "57",
                "prefix": "webkit"
              }
            ],
            "chrome_android": [
              {
                "version_added": true
              },
              {
                "version_added": "25",
                "version_removed": "57",
                "prefix": "webkit"
              }
            ],
            "edge": {
              "version_added": "≤18"
            },
            "firefox": {
              "version_added": "37"
            },
            "firefox_android": {
              "version_added": "37"
            },
            "ie": {
              "version_added": null
            },
            "opera": {
              "version_added": true
            },
            "opera_android": {
              "version_added": true
            },
            "safari": {
              "version_added": null
            },
            "safari_ios": {
              "version_added": null
            },
            "samsunginternet_android": [
              {
                "version_added": true
              },
              {
                "version_removed": "7.0",
                "prefix": "webkit",
                "version_added": "1.5"
              }
            ],
            "webview_android": [
              {
                "version_added": true
              },
              {
                "version_added": true,
                "version_removed": "57",
                "prefix": "webkit"
              }
            ]
          },
          "status": {
            "experimental": false,
            "standard_track": true,
            "deprecated": false
          }
        }
      }
    }
  }
}
