{
  "api": {
    "IDBFactory": {
      "__compat": {
        "mdn_url": "https://developer.mozilla.org/docs/Web/API/IDBFactory",
        "support": {
          "chrome": [
            {
              "version_added": "24"
            },
            {
              "version_added": "23",
              "version_removed": "57",
              "prefix": "webkit"
            }
          ],
          "chrome_android": [
            {
              "version_added": "25"
            },
            {
              "version_added": "25",
              "version_removed": "57",
              "prefix": "webkit"
            }
          ],
          "edge": {
            "version_added": "12"
          },
          "firefox": [
            {
              "version_added": "16"
            },
            {
              "version_added": "10",
              "version_removed": "16",
              "prefix": "moz"
            }
          ],
          "firefox_android": {
            "version_added": "22"
          },
          "ie": {
            "version_added": "10",
            "partial_implementation": true
          },
          "opera": {
            "version_added": "15"
          },
          "opera_android": {
            "version_added": "14"
          },
          "safari": {
            "version_added": "7"
          },
          "safari_ios": {
            "version_added": "8"
          },
          "samsunginternet_android": [
            {
              "version_added": "1.5"
            },
            {
              "version_removed": "7.0",
              "prefix": "webkit",
              "version_added": "1.5"
            }
          ],
          "webview_android": [
            {
              "version_added": true
            },
            {
              "version_added": true,
              "version_removed": "57",
              "prefix": "webkit"
            }
          ]
        },
        "status": {
          "experimental": false,
          "standard_track": true,
          "deprecated": false
        }
      },
      "cmp": {
        "__compat": {
          "mdn_url": "https://developer.mozilla.org/docs/Web/API/IDBFactory/cmp",
          "support": {
            "chrome": [
              {
                "version_added": "24"
              },
              {
                "version_added": "23",
                "version_removed": "24",
                "prefix": "webkit"
              }
            ],
            "chrome_android": {
              "version_added": "25"
            },
            "edge": {
              "version_added": "12"
            },
            "firefox": [
              {
                "version_added": "16"
              },
              {
                "version_added": "10",
                "version_removed": "16",
                "prefix": "moz"
              }
            ],
            "firefox_android": {
              "version_added": "22"
            },
            "ie": {
              "version_added": "10",
              "partial_implementation": true
            },
            "opera": {
              "version_added": "15"
            },
            "opera_android": {
              "version_added": "14"
            },
            "safari": {
              "version_added": "7"
            },
            "safari_ios": {
              "version_added": "8"
            },
            "samsunginternet_android": {
              "version_added": "1.5"
            },
            "webview_android": [
              {
                "version_added": true
              },
              {
                "version_added": true,
                "version_removed": true,
                "prefix": "webkit"
              }
            ]
          },
          "status": {
            "experimental": false,
            "standard_track": true,
            "deprecated": false
          }
        }
      },
      "databases": {
        "__compat": {
          "mdn_url": "https://developer.mozilla.org/docs/Web/API/IDBFactory/databases",
          "support": {
            "chrome": {
              "version_added": "71"
            },
            "chrome_android": {
              "version_added": "71"
            },
            "edge": {
              "version_added": "79"
            },
            "firefox": {
              "version_added": false,
              "notes": "See <a href='https://bugzil.la/934640'>bug 934640</a>."
            },
            "firefox_android": {
              "version_added": false,
              "notes": "See <a href='https://bugzil.la/934640'>bug 934640</a>."
            },
            "ie": {
              "version_added": false
            },
            "opera": {
              "version_added": "58"
            },
            "opera_android": {
              "version_added": true
            },
            "safari": {
              "version_added": false
            },
            "safari_ios": {
              "version_added": false
            },
            "samsunginternet_android": {
              "version_added": "10.0"
            },
            "webview_android": {
              "version_added": "71"
            }
          },
          "status": {
            "experimental": true,
            "standard_track": true,
            "deprecated": false
          }
        }
      },
      "deleteDatabase": {
        "__compat": {
          "mdn_url": "https://developer.mozilla.org/docs/Web/API/IDBFactory/deleteDatabase",
          "support": {
            "chrome": [
              {
                "version_added": "24"
              },
              {
                "version_added": "23",
                "version_removed": "24",
                "prefix": "webkit"
              }
            ],
            "chrome_android": {
              "version_added": "25"
            },
            "edge": {
              "version_added": "12"
            },
            "firefox": [
              {
                "version_added": "16"
              },
              {
                "version_added": "10",
                "version_removed": "16",
                "prefix": "moz"
              }
            ],
            "firefox_android": {
              "version_added": "22"
            },
            "ie": {
              "version_added": "10",
              "partial_implementation": true
            },
            "opera": {
              "version_added": "15"
            },
            "opera_android": {
              "version_added": "14"
            },
            "safari": {
              "version_added": "7"
            },
            "safari_ios": {
              "version_added": "8"
            },
            "samsunginternet_android": {
              "version_added": "1.5"
            },
            "webview_android": [
              {
                "version_added": true
              },
              {
                "version_added": true,
                "version_removed": true,
                "prefix": "webkit"
              }
            ]
          },
          "status": {
            "experimental": false,
            "standard_track": true,
            "deprecated": false
          }
        }
      },
      "open": {
        "__compat": {
          "mdn_url": "https://developer.mozilla.org/docs/Web/API/IDBFactory/open",
          "support": {
            "chrome": [
              {
                "version_added": "24"
              },
              {
                "version_added": "23",
                "version_removed": "24",
                "prefix": "webkit"
              }
            ],
            "chrome_android": {
              "version_added": "25"
            },
            "edge": {
              "version_added": "12"
            },
            "firefox": [
              {
                "version_added": "16"
              },
              {
                "version_added": "10",
                "version_removed": "16",
                "prefix": "moz"
              }
            ],
            "firefox_android": {
              "version_added": "22"
            },
            "ie": {
              "version_added": "10",
              "partial_implementation": true
            },
            "opera": {
              "version_added": "15"
            },
            "opera_android": {
              "version_added": "14"
            },
            "safari": {
              "version_added": "7"
            },
            "safari_ios": {
              "version_added": "8"
            },
            "samsunginternet_android": {
              "version_added": "1.5"
            },
            "webview_android": [
              {
                "version_added": true
              },
              {
                "version_added": true,
                "version_removed": true,
                "prefix": "webkit"
              }
            ]
          },
          "status": {
            "experimental": false,
            "standard_track": true,
            "deprecated": false
          }
        }
      },
      "worker_support": {
        "__compat": {
          "description": "Available in workers",
          "support": {
            "chrome": {
              "version_added": true
            },
            "chrome_android": {
              "version_added": true
            },
            "edge": {
              "version_added": "≤18"
            },
            "firefox": {
              "version_added": "37"
            },
            "firefox_android": {
              "version_added": "37"
            },
            "ie": {
              "version_added": null
            },
            "opera": {
              "version_added": true
            },
            "opera_android": {
              "version_added": true
            },
            "safari": {
              "version_added": null
            },
            "safari_ios": {
              "version_added": null
            },
            "samsunginternet_android": {
              "version_added": true
            },
            "webview_android": {
              "version_added": true
            }
          },
          "status": {
            "experimental": false,
            "standard_track": true,
            "deprecated": false
          }
        }
      }
    }
  }
}
