{
  "api": {
    "IDBLocaleAwareKeyRange": {
      "__compat": {
        "mdn_url": "https://developer.mozilla.org/docs/Web/API/IDBLocaleAwareKeyRange",
        "support": {
          "chrome": {
            "version_added": false
          },
          "chrome_android": {
            "version_added": false
          },
          "edge": {
            "version_added": false
          },
          "firefox": {
            "version_added": "43",
            "flags": [
              {
                "type": "preference",
                "name": "dom.indexedDB.experimental"
              }
            ]
          },
          "firefox_android": {
            "version_added": "43",
            "flags": [
              {
                "type": "preference",
                "name": "dom.indexedDB.experimental"
              }
            ]
          },
          "ie": {
            "version_added": false
          },
          "opera": {
            "version_added": false
          },
          "opera_android": {
            "version_added": false
          },
          "safari": {
            "version_added": false
          },
          "safari_ios": {
            "version_added": false
          },
          "samsunginternet_android": {
            "version_added": false
          },
          "webview_android": {
            "version_added": false
          }
        },
        "status": {
          "experimental": true,
          "standard_track": false,
          "deprecated": false
        }
      }
    }
  }
}
