{
  "api": {
    "IDBTransaction": {
      "__compat": {
        "mdn_url": "https://developer.mozilla.org/docs/Web/API/IDBTransaction",
        "support": {
          "chrome": [
            {
              "version_added": "24"
            },
            {
              "version_added": "23",
              "version_removed": "57",
              "prefix": "webkit"
            }
          ],
          "chrome_android": [
            {
              "version_added": "25"
            },
            {
              "version_added": "25",
              "version_removed": "57",
              "prefix": "webkit"
            }
          ],
          "edge": {
            "version_added": "12"
          },
          "firefox": [
            {
              "version_added": "16"
            },
            {
              "version_added": "10",
              "version_removed": "16",
              "prefix": "moz"
            }
          ],
          "firefox_android": {
            "version_added": "22"
          },
          "ie": {
            "version_added": "10",
            "partial_implementation": true
          },
          "opera": {
            "version_added": "15"
          },
          "opera_android": {
            "version_added": "14"
          },
          "safari": {
            "version_added": "7"
          },
          "safari_ios": {
            "version_added": "8"
          },
          "samsunginternet_android": [
            {
              "version_added": "1.5"
            },
            {
              "version_removed": "7.0",
              "prefix": "webkit",
              "version_added": "1.5"
            }
          ],
          "webview_android": [
            {
              "version_added": true
            },
            {
              "version_added": true,
              "version_removed": "57",
              "prefix": "webkit"
            }
          ]
        },
        "status": {
          "experimental": false,
          "standard_track": true,
          "deprecated": false
        }
      },
      "abort": {
        "__compat": {
          "mdn_url": "https://developer.mozilla.org/docs/Web/API/IDBTransaction/abort",
          "support": {
            "chrome": [
              {
                "version_added": "24"
              },
              {
                "version_added": "23",
                "prefix": "webkit"
              }
            ],
            "chrome_android": {
              "version_added": true
            },
            "edge": {
              "version_added": "12"
            },
            "firefox": [
              {
                "version_added": "16"
              },
              {
                "version_added": "10",
                "version_removed": "16",
                "prefix": "moz"
              }
            ],
            "firefox_android": {
              "version_added": "22"
            },
            "ie": {
              "version_added": "10",
              "partial_implementation": true
            },
            "opera": {
              "version_added": "15"
            },
            "opera_android": {
              "version_added": "14"
            },
            "safari": {
              "version_added": "7"
            },
            "safari_ios": {
              "version_added": "8"
            },
            "samsunginternet_android": {
              "version_added": true
            },
            "webview_android": {
              "version_added": true
            }
          },
          "status": {
            "experimental": false,
            "standard_track": true,
            "deprecated": false
          }
        }
      },
      "abort_event": {
        "__compat": {
          "description": "<code>abort</code> event",
          "mdn_url": "https://developer.mozilla.org/docs/Web/API/IDBTransaction/abort_event",
          "support": {
            "chrome": [
              {
                "version_added": "24"
              },
              {
                "version_added": "23",
                "prefix": "webkit"
              }
            ],
            "chrome_android": {
              "version_added": true
            },
            "edge": {
              "version_added": "12"
            },
            "firefox": [
              {
                "version_added": "16"
              },
              {
                "version_added": "10",
                "version_removed": "16",
                "prefix": "moz"
              }
            ],
            "firefox_android": {
              "version_added": "22"
            },
            "ie": {
              "version_added": "10",
              "partial_implementation": true
            },
            "opera": {
              "version_added": "15"
            },
            "opera_android": {
              "version_added": "14"
            },
            "safari": {
              "version_added": "7"
            },
            "safari_ios": {
              "version_added": "8"
            },
            "samsunginternet_android": {
              "version_added": true
            },
            "webview_android": {
              "version_added": true
            }
          },
          "status": {
            "experimental": false,
            "standard_track": true,
            "deprecated": false
          }
        }
      },
      "commit": {
        "__compat": {
          "mdn_url": "https://developer.mozilla.org/docs/Web/API/IDBTransaction/commit",
          "support": {
            "chrome": {
              "version_added": "76"
            },
            "chrome_android": {
              "version_added": "76"
            },
            "edge": {
              "version_added": "79"
            },
            "firefox": {
              "version_added": "74"
            },
            "firefox_android": {
              "version_added": false
            },
            "ie": {
              "version_added": false
            },
            "opera": {
              "version_added": "63"
            },
            "opera_android": {
              "version_added": "54"
            },
            "safari": {
              "version_added": false
            },
            "safari_ios": {
              "version_added": false
            },
            "samsunginternet_android": {
              "version_added": false
            },
            "webview_android": {
              "version_added": "76"
            }
          },
          "status": {
            "experimental": false,
            "standard_track": true,
            "deprecated": false
          }
        }
      },
      "complete_event": {
        "__compat": {
          "description": "<code>complete</code> event",
          "mdn_url": "https://developer.mozilla.org/docs/Web/API/IDBTransaction/complete_event",
          "support": {
            "chrome": [
              {
                "version_added": "24"
              },
              {
                "version_added": "23",
                "prefix": "webkit"
              }
            ],
            "chrome_android": {
              "version_added": true
            },
            "edge": {
              "version_added": "12"
            },
            "firefox": [
              {
                "version_added": "16"
              },
              {
                "version_added": "10",
                "version_removed": "16",
                "prefix": "moz"
              }
            ],
            "firefox_android": {
              "version_added": "22"
            },
            "ie": {
              "version_added": "10",
              "partial_implementation": true
            },
            "opera": {
              "version_added": "15"
            },
            "opera_android": {
              "version_added": "14"
            },
            "safari": {
              "version_added": "7"
            },
            "safari_ios": {
              "version_added": "8"
            },
            "samsunginternet_android": {
              "version_added": true
            },
            "webview_android": {
              "version_added": true
            }
          },
          "status": {
            "experimental": false,
            "standard_track": true,
            "deprecated": false
          }
        }
      },
      "db": {
        "__compat": {
          "mdn_url": "https://developer.mozilla.org/docs/Web/API/IDBTransaction/db",
          "support": {
            "chrome": [
              {
                "version_added": "24"
              },
              {
                "version_added": "23",
                "version_removed": "57",
                "prefix": "webkit"
              }
            ],
            "chrome_android": [
              {
                "version_added": "25"
              },
              {
                "version_added": "25",
                "version_removed": "57",
                "prefix": "webkit"
              }
            ],
            "edge": {
              "version_added": "12"
            },
            "firefox": [
              {
                "version_added": "16"
              },
              {
                "version_added": "10",
                "version_removed": "16",
                "prefix": "moz"
              }
            ],
            "firefox_android": {
              "version_added": "22"
            },
            "ie": {
              "version_added": "10",
              "partial_implementation": true
            },
            "opera": {
              "version_added": "15"
            },
            "opera_android": {
              "version_added": "14"
            },
            "safari": {
              "version_added": "7"
            },
            "safari_ios": {
              "version_added": "8"
            },
            "samsunginternet_android": [
              {
                "version_added": "1.5"
              },
              {
                "version_removed": "7.0",
                "prefix": "webkit",
                "version_added": "1.5"
              }
            ],
            "webview_android": [
              {
                "version_added": true
              },
              {
                "version_added": true,
                "version_removed": "57",
                "prefix": "webkit"
              }
            ]
          },
          "status": {
            "experimental": false,
            "standard_track": true,
            "deprecated": false
          }
        }
      },
      "error": {
        "__compat": {
          "mdn_url": "https://developer.mozilla.org/docs/Web/API/IDBTransaction/error",
          "support": {
            "chrome": [
              {
                "version_added": "24"
              },
              {
                "version_added": "23",
                "version_removed": "57",
                "prefix": "webkit"
              }
            ],
            "chrome_android": [
              {
                "version_added": "25"
              },
              {
                "version_added": "25",
                "version_removed": "57",
                "prefix": "webkit"
              }
            ],
            "edge": {
              "version_added": "12"
            },
            "firefox": [
              {
                "version_added": "16"
              },
              {
                "version_added": "10",
                "version_removed": "16",
                "prefix": "moz"
              }
            ],
            "firefox_android": {
              "version_added": "22"
            },
            "ie": {
              "version_added": "10",
              "partial_implementation": true
            },
            "opera": {
              "version_added": "15"
            },
            "opera_android": {
              "version_added": "14"
            },
            "safari": {
              "version_added": "7"
            },
            "safari_ios": {
              "version_added": "8"
            },
            "samsunginternet_android": [
              {
                "version_added": "1.5"
              },
              {
                "version_removed": "7.0",
                "prefix": "webkit",
                "version_added": "1.5"
              }
            ],
            "webview_android": [
              {
                "version_added": true
              },
              {
                "version_added": true,
                "version_removed": "57",
                "prefix": "webkit"
              }
            ]
          },
          "status": {
            "experimental": false,
            "standard_track": true,
            "deprecated": false
          }
        },
        "DOMException": {
          "__compat": {
            "description": "<code>DOMException</code> value instead of <code>DOMError</code>",
            "support": {
              "chrome": {
                "version_added": "48"
              },
              "chrome_android": {
                "version_added": "48"
              },
              "edge": {
                "version_added": "≤18"
              },
              "firefox": {
                "version_added": "58"
              },
              "firefox_android": {
                "version_added": "58"
              },
              "ie": {
                "version_added": false
              },
              "opera": {
                "version_added": true
              },
              "opera_android": {
                "version_added": true
              },
              "safari": {
                "version_added": false
              },
              "safari_ios": {
                "version_added": false
              },
              "samsunginternet_android": {
                "version_added": "5.0"
              },
              "webview_android": {
                "version_added": "48"
              }
            },
            "status": {
              "experimental": false,
              "standard_track": true,
              "deprecated": false
            }
          }
        }
      },
      "error_event": {
        "__compat": {
          "description": "<code>error</code> event",
          "mdn_url": "https://developer.mozilla.org/docs/Web/API/IDBTransaction/error_event",
          "support": {
            "chrome": [
              {
                "version_added": "24"
              },
              {
                "version_added": "23",
                "prefix": "webkit"
              }
            ],
            "chrome_android": {
              "version_added": true
            },
            "edge": {
              "version_added": "12"
            },
            "firefox": [
              {
                "version_added": "16"
              },
              {
                "version_added": "10",
                "version_removed": "16",
                "prefix": "moz"
              }
            ],
            "firefox_android": {
              "version_added": "22"
            },
            "ie": {
              "version_added": "10",
              "partial_implementation": true
            },
            "opera": {
              "version_added": "15"
            },
            "opera_android": {
              "version_added": "14"
            },
            "safari": {
              "version_added": "7"
            },
            "safari_ios": {
              "version_added": "8"
            },
            "samsunginternet_android": {
              "version_added": true
            },
            "webview_android": {
              "version_added": true
            }
          },
          "status": {
            "experimental": false,
            "standard_track": true,
            "deprecated": false
          }
        }
      },
      "mode": {
        "__compat": {
          "mdn_url": "https://developer.mozilla.org/docs/Web/API/IDBTransaction/mode",
          "support": {
            "chrome": [
              {
                "version_added": "24"
              },
              {
                "version_added": "23",
                "prefix": "webkit"
              }
            ],
            "chrome_android": {
              "version_added": true
            },
            "edge": {
              "version_added": "12"
            },
            "firefox": [
              {
                "version_added": "16"
              },
              {
                "version_added": "10",
                "version_removed": "16",
                "prefix": "moz"
              }
            ],
            "firefox_android": {
              "version_added": "22"
            },
            "ie": {
              "version_added": "10",
              "partial_implementation": true
            },
            "opera": {
              "version_added": "15"
            },
            "opera_android": {
              "version_added": "14"
            },
            "safari": {
              "version_added": "7"
            },
            "safari_ios": {
              "version_added": "8"
            },
            "samsunginternet_android": {
              "version_added": true
            },
            "webview_android": {
              "version_added": true
            }
          },
          "status": {
            "experimental": false,
            "standard_track": true,
            "deprecated": false
          }
        }
      },
      "objectStore": {
        "__compat": {
          "mdn_url": "https://developer.mozilla.org/docs/Web/API/IDBTransaction/objectStore",
          "support": {
            "chrome": [
              {
                "version_added": "24"
              },
              {
                "version_added": "23",
                "prefix": "webkit"
              }
            ],
            "chrome_android": {
              "version_added": true
            },
            "edge": {
              "version_added": "12"
            },
            "firefox": [
              {
                "version_added": "16"
              },
              {
                "version_added": "10",
                "version_removed": "16",
                "prefix": "moz"
              }
            ],
            "firefox_android": {
              "version_added": "22"
            },
            "ie": {
              "version_added": "10",
              "partial_implementation": true
            },
            "opera": {
              "version_added": "15"
            },
            "opera_android": {
              "version_added": "14"
            },
            "safari": {
              "version_added": "7"
            },
            "safari_ios": {
              "version_added": "8"
            },
            "samsunginternet_android": {
              "version_added": true
            },
            "webview_android": {
              "version_added": true
            }
          },
          "status": {
            "experimental": false,
            "standard_track": true,
            "deprecated": false
          }
        }
      },
      "objectStoreNames": {
        "__compat": {
          "mdn_url": "https://developer.mozilla.org/docs/Web/API/IDBTransaction/objectStoreNames",
          "support": {
            "chrome": {
              "version_added": "48"
            },
            "chrome_android": {
              "version_added": "48"
            },
            "edge": {
              "version_added": "≤79"
            },
            "firefox": {
              "version_added": true
            },
            "firefox_android": {
              "version_added": true
            },
            "ie": {
              "version_added": null
            },
            "opera": {
              "version_added": "35"
            },
            "opera_android": {
              "version_added": "35"
            },
            "safari": {
              "version_added": true
            },
            "safari_ios": {
              "version_added": true
            },
            "samsunginternet_android": {
              "version_added": "5.0"
            },
            "webview_android": {
              "version_added": "48"
            }
          },
          "status": {
            "experimental": false,
            "standard_track": true,
            "deprecated": false
          }
        }
      },
      "onabort": {
        "__compat": {
          "mdn_url": "https://developer.mozilla.org/docs/Web/API/IDBTransaction/onabort",
          "support": {
            "chrome": [
              {
                "version_added": "24"
              },
              {
                "version_added": "23",
                "prefix": "webkit"
              }
            ],
            "chrome_android": {
              "version_added": true
            },
            "edge": {
              "version_added": "12"
            },
            "firefox": [
              {
                "version_added": "16"
              },
              {
                "version_added": "10",
                "version_removed": "16",
                "prefix": "moz"
              }
            ],
            "firefox_android": {
              "version_added": "22"
            },
            "ie": {
              "version_added": "10",
              "partial_implementation": true
            },
            "opera": {
              "version_added": "15"
            },
            "opera_android": {
              "version_added": "14"
            },
            "safari": {
              "version_added": "7"
            },
            "safari_ios": {
              "version_added": "8"
            },
            "samsunginternet_android": {
              "version_added": true
            },
            "webview_android": {
              "version_added": true
            }
          },
          "status": {
            "experimental": false,
            "standard_track": true,
            "deprecated": false
          }
        }
      },
      "oncomplete": {
        "__compat": {
          "mdn_url": "https://developer.mozilla.org/docs/Web/API/IDBTransaction/oncomplete",
          "support": {
            "chrome": [
              {
                "version_added": "24"
              },
              {
                "version_added": "23",
                "prefix": "webkit"
              }
            ],
            "chrome_android": {
              "version_added": true
            },
            "edge": {
              "version_added": "12"
            },
            "firefox": [
              {
                "version_added": "16"
              },
              {
                "version_added": "10",
                "version_removed": "16",
                "prefix": "moz"
              }
            ],
            "firefox_android": {
              "version_added": "22"
            },
            "ie": {
              "version_added": "10",
              "partial_implementation": true
            },
            "opera": {
              "version_added": "15"
            },
            "opera_android": {
              "version_added": "14"
            },
            "safari": {
              "version_added": "7"
            },
            "safari_ios": {
              "version_added": "8"
            },
            "samsunginternet_android": {
              "version_added": true
            },
            "webview_android": {
              "version_added": true
            }
          },
          "status": {
            "experimental": false,
            "standard_track": true,
            "deprecated": false
          }
        }
      },
      "onerror": {
        "__compat": {
          "mdn_url": "https://developer.mozilla.org/docs/Web/API/IDBTransaction/onerror",
          "support": {
            "chrome": [
              {
                "version_added": "24"
              },
              {
                "version_added": "23",
                "prefix": "webkit"
              }
            ],
            "chrome_android": {
              "version_added": true
            },
            "edge": {
              "version_added": "12"
            },
            "firefox": [
              {
                "version_added": "16"
              },
              {
                "version_added": "10",
                "version_removed": "16",
                "prefix": "moz"
              }
            ],
            "firefox_android": {
              "version_added": "22"
            },
            "ie": {
              "version_added": "10",
              "partial_implementation": true
            },
            "opera": {
              "version_added": "15"
            },
            "opera_android": {
              "version_added": "14"
            },
            "safari": {
              "version_added": "7"
            },
            "safari_ios": {
              "version_added": "8"
            },
            "samsunginternet_android": {
              "version_added": true
            },
            "webview_android": {
              "version_added": true
            }
          },
          "status": {
            "experimental": false,
            "standard_track": true,
            "deprecated": false
          }
        }
      },
      "worker_support": {
        "__compat": {
          "description": "Available in workers",
          "support": {
            "chrome": {
              "version_added": true
            },
            "chrome_android": {
              "version_added": true
            },
            "edge": {
              "version_added": "≤79"
            },
            "firefox": {
              "version_added": "37"
            },
            "firefox_android": {
              "version_added": "37"
            },
            "ie": {
              "version_added": null
            },
            "opera": {
              "version_added": true
            },
            "opera_android": {
              "version_added": true
            },
            "safari": {
              "version_added": null
            },
            "safari_ios": {
              "version_added": null
            },
            "samsunginternet_android": {
              "version_added": true
            },
            "webview_android": {
              "version_added": true
            }
          },
          "status": {
            "experimental": false,
            "standard_track": true,
            "deprecated": false
          }
        }
      }
    }
  }
}
