{
  "api": {
    "ImageCapture": {
      "__compat": {
        "mdn_url": "https://developer.mozilla.org/docs/Web/API/ImageCapture",
        "support": {
          "chrome": {
            "version_added": "59"
          },
          "chrome_android": {
            "version_added": "59"
          },
          "edge": {
            "version_added": "≤79"
          },
          "firefox": {
            "version_added": null
          },
          "firefox_android": {
            "version_added": null
          },
          "ie": {
            "version_added": null
          },
          "opera": {
            "version_added": "46"
          },
          "opera_android": {
            "version_added": "43"
          },
          "safari": {
            "version_added": null
          },
          "safari_ios": {
            "version_added": null
          },
          "samsunginternet_android": {
            "version_added": "7.0"
          },
          "webview_android": {
            "version_added": "59"
          }
        },
        "status": {
          "experimental": true,
          "standard_track": true,
          "deprecated": false
        }
      },
      "ImageCapture": {
        "__compat": {
          "description": "<code>ImageCapture()</code> constructor",
          "mdn_url": "https://developer.mozilla.org/docs/Web/API/ImageCapture/ImageCapture",
          "support": {
            "chrome": {
              "version_added": "59"
            },
            "chrome_android": {
              "version_added": "59"
            },
            "edge": {
              "version_added": "≤79"
            },
            "firefox": {
              "version_added": null
            },
            "firefox_android": {
              "version_added": null
            },
            "ie": {
              "version_added": null
            },
            "opera": {
              "version_added": "46"
            },
            "opera_android": {
              "version_added": "43"
            },
            "safari": {
              "version_added": null
            },
            "safari_ios": {
              "version_added": null
            },
            "samsunginternet_android": {
              "version_added": "7.0"
            },
            "webview_android": {
              "version_added": "59"
            }
          },
          "status": {
            "experimental": true,
            "standard_track": true,
            "deprecated": false
          }
        }
      },
      "getPhotoCapabilities": {
        "__compat": {
          "mdn_url": "https://developer.mozilla.org/docs/Web/API/ImageCapture/getPhotoCapabilities",
          "support": {
            "chrome": {
              "version_added": "59"
            },
            "chrome_android": {
              "version_added": "59"
            },
            "edge": {
              "version_added": "≤79"
            },
            "firefox": {
              "version_added": null
            },
            "firefox_android": {
              "version_added": null
            },
            "ie": {
              "version_added": null
            },
            "opera": {
              "version_added": "46"
            },
            "opera_android": {
              "version_added": "43"
            },
            "safari": {
              "version_added": null
            },
            "safari_ios": {
              "version_added": null
            },
            "samsunginternet_android": {
              "version_added": "7.0"
            },
            "webview_android": {
              "version_added": "59"
            }
          },
          "status": {
            "experimental": true,
            "standard_track": true,
            "deprecated": false
          }
        }
      },
      "getPhotoSettings": {
        "__compat": {
          "mdn_url": "https://developer.mozilla.org/docs/Web/API/ImageCapture/getPhotoSettings",
          "support": {
            "chrome": {
              "version_added": "61"
            },
            "chrome_android": {
              "version_added": "61"
            },
            "edge": {
              "version_added": "≤79"
            },
            "firefox": {
              "version_added": null
            },
            "firefox_android": {
              "version_added": null
            },
            "ie": {
              "version_added": null
            },
            "opera": {
              "version_added": "46"
            },
            "opera_android": {
              "version_added": "43"
            },
            "safari": {
              "version_added": null
            },
            "safari_ios": {
              "version_added": null
            },
            "samsunginternet_android": {
              "version_added": "8.0"
            },
            "webview_android": {
              "version_added": "61"
            }
          },
          "status": {
            "experimental": true,
            "standard_track": true,
            "deprecated": false
          }
        }
      },
      "grabFrame": {
        "__compat": {
          "mdn_url": "https://developer.mozilla.org/docs/Web/API/ImageCapture/grabFrame",
          "support": {
            "chrome": {
              "version_added": "59"
            },
            "chrome_android": {
              "version_added": "59"
            },
            "edge": {
              "version_added": "≤79"
            },
            "firefox": {
              "version_added": null
            },
            "firefox_android": {
              "version_added": null
            },
            "ie": {
              "version_added": null
            },
            "opera": {
              "version_added": "46"
            },
            "opera_android": {
              "version_added": "43"
            },
            "safari": {
              "version_added": null
            },
            "safari_ios": {
              "version_added": null
            },
            "samsunginternet_android": {
              "version_added": "7.0"
            },
            "webview_android": {
              "version_added": "59"
            }
          },
          "status": {
            "experimental": true,
            "standard_track": true,
            "deprecated": false
          }
        }
      },
      "takePhoto": {
        "__compat": {
          "mdn_url": "https://developer.mozilla.org/docs/Web/API/ImageCapture/takePhoto",
          "support": {
            "chrome": [
              {
                "version_added": "60"
              },
              {
                "version_added": "59",
                "partial_implementation": true,
                "version_removed": "60",
                "notes": "<code>photoSettings</code> argument not supported."
              }
            ],
            "chrome_android": [
              {
                "version_added": "60"
              },
              {
                "version_added": "59",
                "partial_implementation": true,
                "version_removed": "60",
                "notes": "<code>photoSettings</code> argument not supported."
              }
            ],
            "edge": {
              "version_added": "≤79"
            },
            "firefox": {
              "version_added": null
            },
            "firefox_android": {
              "version_added": null
            },
            "ie": {
              "version_added": null
            },
            "opera": [
              {
                "version_added": "47"
              },
              {
                "version_added": "46",
                "partial_implementation": true,
                "version_removed": "47",
                "notes": "<code>photoSettings</code> argument not supported."
              }
            ],
            "opera_android": [
              {
                "version_added": "44"
              },
              {
                "version_added": "43",
                "partial_implementation": true,
                "version_removed": "44",
                "notes": "<code>photoSettings</code> argument not supported."
              }
            ],
            "safari": {
              "version_added": null
            },
            "safari_ios": {
              "version_added": null
            },
            "samsunginternet_android": [
              {
                "version_added": "8.0"
              },
              {
                "partial_implementation": true,
                "version_added": "7.0",
                "version_removed": "8.0",
                "notes": "<code>photoSettings</code> argument not supported."
              }
            ],
            "webview_android": [
              {
                "version_added": "60"
              },
              {
                "version_added": "59",
                "partial_implementation": true,
                "version_removed": "60",
                "notes": "<code>photoSettings</code> argument not supported."
              }
            ]
          },
          "status": {
            "experimental": true,
            "standard_track": true,
            "deprecated": false
          }
        }
      },
      "track": {
        "__compat": {
          "mdn_url": "https://developer.mozilla.org/docs/Web/API/ImageCapture/track",
          "support": {
            "chrome": {
              "version_added": "59"
            },
            "chrome_android": {
              "version_added": "59"
            },
            "edge": {
              "version_added": "≤79"
            },
            "firefox": {
              "version_added": null
            },
            "firefox_android": {
              "version_added": null
            },
            "ie": {
              "version_added": null
            },
            "opera": {
              "version_added": "46"
            },
            "opera_android": {
              "version_added": "43"
            },
            "safari": {
              "version_added": null
            },
            "safari_ios": {
              "version_added": null
            },
            "samsunginternet_android": {
              "version_added": "7.0"
            },
            "webview_android": {
              "version_added": "59"
            }
          },
          "status": {
            "experimental": true,
            "standard_track": true,
            "deprecated": false
          }
        }
      }
    }
  }
}
