{
  "api": {
    "ImageBitmapRenderingContext": {
      "__compat": {
        "mdn_url": "https://developer.mozilla.org/docs/Web/API/ImageBitmapRenderingContext",
        "support": {
          "chrome": {
            "version_added": "66"
          },
          "chrome_android": {
            "version_added": "66"
          },
          "edge": {
            "version_added": "≤79"
          },
          "firefox": {
            "version_added": "46"
          },
          "firefox_android": {
            "version_added": "46"
          },
          "ie": {
            "version_added": false
          },
          "opera": {
            "version_added": true
          },
          "opera_android": {
            "version_added": true
          },
          "safari": {
            "version_added": false
          },
          "safari_ios": {
            "version_added": null
          },
          "samsunginternet_android": {
            "version_added": "9.0"
          },
          "webview_android": {
            "version_added": "66"
          }
        },
        "status": {
          "experimental": true,
          "standard_track": true,
          "deprecated": false
        }
      },
      "transferFromImageBitmap": {
        "__compat": {
          "mdn_url": "https://developer.mozilla.org/docs/Web/API/ImageBitmapRenderingContext/transferFromImageBitmap",
          "support": {
            "chrome": {
              "version_added": "66"
            },
            "chrome_android": {
              "version_added": "66"
            },
            "edge": {
              "version_added": "≤79"
            },
            "firefox": [
              {
                "version_added": "52"
              },
              {
                "version_added": "46",
                "version_removed": "52",
                "alternative_name": "transferImageBitmap"
              }
            ],
            "firefox_android": [
              {
                "version_added": "52"
              },
              {
                "version_added": "46",
                "version_removed": "52",
                "alternative_name": "transferImageBitmap"
              }
            ],
            "ie": {
              "version_added": false
            },
            "opera": {
              "version_added": true
            },
            "opera_android": {
              "version_added": true
            },
            "safari": {
              "version_added": false
            },
            "safari_ios": {
              "version_added": null
            },
            "samsunginternet_android": {
              "version_added": "9.0"
            },
            "webview_android": {
              "version_added": "66"
            }
          },
          "status": {
            "experimental": true,
            "standard_track": true,
            "deprecated": false
          }
        }
      }
    }
  }
}
