{
  "api": {
    "InputDeviceCapabilities": {
      "__compat": {
        "mdn_url": "https://developer.mozilla.org/docs/Web/API/InputDeviceCapabilities",
        "support": {
          "chrome": {
            "version_added": "47"
          },
          "chrome_android": {
            "version_added": "47"
          },
          "edge": {
            "version_added": "≤79"
          },
          "firefox": {
            "version_added": null
          },
          "firefox_android": {
            "version_added": null
          },
          "ie": {
            "version_added": null
          },
          "opera": {
            "version_added": true
          },
          "opera_android": {
            "version_added": true
          },
          "safari": {
            "version_added": null
          },
          "safari_ios": {
            "version_added": null
          },
          "samsunginternet_android": {
            "version_added": "5.0"
          },
          "webview_android": {
            "version_added": "47"
          }
        },
        "status": {
          "experimental": false,
          "standard_track": false,
          "deprecated": false
        }
      },
      "InputDeviceCapabilities": {
        "__compat": {
          "mdn_url": "https://developer.mozilla.org/docs/Web/API/InputDeviceCapabilities/InputDeviceCapabilities",
          "description": "<code>InputDeviceCapabilities()</code> constructor",
          "support": {
            "chrome": {
              "version_added": "47"
            },
            "chrome_android": {
              "version_added": "47"
            },
            "edge": {
              "version_added": "≤79"
            },
            "firefox": {
              "version_added": null
            },
            "firefox_android": {
              "version_added": null
            },
            "ie": {
              "version_added": null
            },
            "opera": {
              "version_added": null
            },
            "opera_android": {
              "version_added": null
            },
            "safari": {
              "version_added": null
            },
            "safari_ios": {
              "version_added": null
            },
            "samsunginternet_android": {
              "version_added": "5.0"
            },
            "webview_android": {
              "version_added": "47"
            }
          },
          "status": {
            "experimental": false,
            "standard_track": false,
            "deprecated": false
          }
        }
      },
      "firesTouchEvents": {
        "__compat": {
          "mdn_url": "https://developer.mozilla.org/docs/Web/API/InputDeviceCapabilities/firesTouchEvents",
          "support": {
            "chrome": {
              "version_added": "47"
            },
            "chrome_android": {
              "version_added": "47"
            },
            "edge": {
              "version_added": "≤79"
            },
            "firefox": {
              "version_added": null
            },
            "firefox_android": {
              "version_added": null
            },
            "ie": {
              "version_added": null
            },
            "opera": {
              "version_added": true
            },
            "opera_android": {
              "version_added": true
            },
            "safari": {
              "version_added": null
            },
            "safari_ios": {
              "version_added": null
            },
            "samsunginternet_android": {
              "version_added": "5.0"
            },
            "webview_android": {
              "version_added": "47"
            }
          },
          "status": {
            "experimental": false,
            "standard_track": false,
            "deprecated": false
          }
        }
      }
    }
  }
}
