{
  "api": {
    "LocalMediaStream": {
      "__compat": {
        "mdn_url": "https://developer.mozilla.org/docs/Web/API/LocalMediaStream",
        "support": {
          "chrome": {
            "version_added": null
          },
          "chrome_android": {
            "version_added": null
          },
          "edge": {
            "version_added": null
          },
          "firefox": {
            "version_added": "17",
            "version_removed": "64"
          },
          "firefox_android": {
            "version_added": true,
            "version_removed": "64"
          },
          "ie": {
            "version_added": false
          },
          "opera": {
            "version_added": null
          },
          "opera_android": {
            "version_added": null
          },
          "safari": {
            "version_added": null
          },
          "safari_ios": {
            "version_added": null
          },
          "samsunginternet_android": {
            "version_added": null
          },
          "webview_android": {
            "version_added": null
          }
        },
        "status": {
          "experimental": false,
          "standard_track": false,
          "deprecated": true
        }
      }
    }
  }
}
