{
  "api": {
    "MediaSession": {
      "__compat": {
        "mdn_url": "https://developer.mozilla.org/docs/Web/API/MediaSession",
        "support": {
          "chrome": {
            "version_added": "73"
          },
          "chrome_android": {
            "version_added": "57"
          },
          "edge": {
            "version_added": "≤79"
          },
          "firefox": {
            "version_added": "71",
            "flags": [
              {
                "type": "preference",
                "name": "dom.media.mediasession.enabled",
                "value_to_set": "true"
              }
            ]
          },
          "firefox_android": {
            "version_added": false
          },
          "ie": {
            "version_added": null
          },
          "opera": {
            "version_added": false
          },
          "opera_android": {
            "version_added": false
          },
          "safari": {
            "version_added": null
          },
          "safari_ios": {
            "version_added": null
          },
          "samsunginternet_android": {
            "version_added": "7.0"
          },
          "webview_android": {
            "version_added": false
          }
        },
        "status": {
          "experimental": true,
          "standard_track": true,
          "deprecated": false
        }
      },
      "metadata": {
        "__compat": {
          "mdn_url": "https://developer.mozilla.org/docs/Web/API/MediaSession/metadata",
          "support": {
            "chrome": {
              "version_added": "73"
            },
            "chrome_android": {
              "version_added": "57"
            },
            "edge": {
              "version_added": "≤79"
            },
            "firefox": {
              "version_added": "71",
              "flags": [
                {
                  "type": "preference",
                  "name": "dom.media.mediasession.enabled",
                  "value_to_set": "true"
                }
              ]
            },
            "firefox_android": {
              "version_added": false
            },
            "ie": {
              "version_added": null
            },
            "opera": {
              "version_added": false
            },
            "opera_android": {
              "version_added": false
            },
            "safari": {
              "version_added": null
            },
            "safari_ios": {
              "version_added": null
            },
            "samsunginternet_android": {
              "version_added": "7.0"
            },
            "webview_android": {
              "version_added": false
            }
          },
          "status": {
            "experimental": true,
            "standard_track": true,
            "deprecated": false
          }
        }
      },
      "playbackState": {
        "__compat": {
          "mdn_url": "https://developer.mozilla.org/docs/Web/API/MediaSession/playbackState",
          "support": {
            "chrome": {
              "version_added": "73"
            },
            "chrome_android": {
              "version_added": "57"
            },
            "edge": {
              "version_added": "≤79"
            },
            "firefox": {
              "version_added": false
            },
            "firefox_android": {
              "version_added": false
            },
            "ie": {
              "version_added": null
            },
            "opera": {
              "version_added": false
            },
            "opera_android": {
              "version_added": false
            },
            "safari": {
              "version_added": null
            },
            "safari_ios": {
              "version_added": null
            },
            "samsunginternet_android": {
              "version_added": "7.0"
            },
            "webview_android": {
              "version_added": false
            }
          },
          "status": {
            "experimental": true,
            "standard_track": true,
            "deprecated": false
          }
        }
      },
      "setActionHandler": {
        "__compat": {
          "mdn_url": "https://developer.mozilla.org/docs/Web/API/MediaSession/setActionHandler",
          "description": "<code>setActionHandler()</code>",
          "support": {
            "chrome": {
              "version_added": "73"
            },
            "chrome_android": {
              "version_added": "57"
            },
            "edge": {
              "version_added": "≤79"
            },
            "firefox": {
              "version_added": "71",
              "flags": [
                {
                  "type": "preference",
                  "name": "dom.media.mediasession.enabled",
                  "value_to_set": "true"
                }
              ]
            },
            "firefox_android": {
              "version_added": false
            },
            "ie": {
              "version_added": null
            },
            "opera": {
              "version_added": false
            },
            "opera_android": {
              "version_added": false
            },
            "safari": {
              "version_added": null
            },
            "safari_ios": {
              "version_added": null
            },
            "samsunginternet_android": {
              "version_added": "7.0"
            },
            "webview_android": {
              "version_added": false
            }
          },
          "status": {
            "experimental": true,
            "standard_track": true,
            "deprecated": false
          }
        }
      },
      "setPositionState": {
        "__compat": {
          "mdn_url": "https://developer.mozilla.org/docs/Web/API/MediaSession/setPositionState",
          "description": "<code>setPositionState()</code>",
          "support": {
            "chrome": {
              "version_added": "73"
            },
            "chrome_android": {
              "version_added": "57"
            },
            "edge": {
              "version_added": "≤79"
            },
            "firefox": {
              "version_added": false
            },
            "firefox_android": {
              "version_added": false
            },
            "ie": {
              "version_added": null
            },
            "opera": {
              "version_added": false
            },
            "opera_android": {
              "version_added": false
            },
            "safari": {
              "version_added": null
            },
            "safari_ios": {
              "version_added": null
            },
            "samsunginternet_android": {
              "version_added": "7.0"
            },
            "webview_android": {
              "version_added": false
            }
          },
          "status": {
            "experimental": true,
            "standard_track": true,
            "deprecated": false
          }
        }
      }
    }
  }
}
