{
  "api": {
    "MediaKeys": {
      "__compat": {
        "mdn_url": "https://developer.mozilla.org/docs/Web/API/MediaKeys",
        "support": {
          "chrome": {
            "version_added": "42"
          },
          "chrome_android": {
            "version_added": "42"
          },
          "edge": {
            "version_added": "≤18"
          },
          "firefox": {
            "version_added": true
          },
          "firefox_android": {
            "version_added": true
          },
          "ie": {
            "version_added": null
          },
          "opera": {
            "version_added": true
          },
          "opera_android": {
            "version_added": true
          },
          "safari": {
            "version_added": null
          },
          "safari_ios": {
            "version_added": null
          },
          "samsunginternet_android": {
            "version_added": "4.0"
          },
          "webview_android": {
            "version_added": "43"
          }
        },
        "status": {
          "experimental": true,
          "standard_track": true,
          "deprecated": false
        }
      },
      "createSession": {
        "__compat": {
          "mdn_url": "https://developer.mozilla.org/docs/Web/API/MediaKeys/createSession",
          "support": {
            "chrome": {
              "version_added": "42"
            },
            "chrome_android": {
              "version_added": "42"
            },
            "edge": {
              "version_added": "13"
            },
            "firefox": {
              "version_added": true
            },
            "firefox_android": {
              "version_added": true
            },
            "ie": {
              "version_added": null
            },
            "opera": {
              "version_added": true
            },
            "opera_android": {
              "version_added": true
            },
            "safari": {
              "version_added": null
            },
            "safari_ios": {
              "version_added": null
            },
            "samsunginternet_android": {
              "version_added": "4.0"
            },
            "webview_android": {
              "version_added": "43"
            }
          },
          "status": {
            "experimental": true,
            "standard_track": true,
            "deprecated": false
          }
        }
      },
      "setServerCertificate": {
        "__compat": {
          "mdn_url": "https://developer.mozilla.org/docs/Web/API/MediaKeys/setServerCertificate",
          "support": {
            "chrome": {
              "version_added": "42"
            },
            "chrome_android": {
              "version_added": "42"
            },
            "edge": {
              "version_added": "13"
            },
            "firefox": {
              "version_added": true
            },
            "firefox_android": {
              "version_added": true
            },
            "ie": {
              "version_added": null
            },
            "opera": {
              "version_added": true
            },
            "opera_android": {
              "version_added": true
            },
            "safari": {
              "version_added": null
            },
            "safari_ios": {
              "version_added": null
            },
            "samsunginternet_android": {
              "version_added": "4.0"
            },
            "webview_android": {
              "version_added": "43"
            }
          },
          "status": {
            "experimental": true,
            "standard_track": true,
            "deprecated": false
          }
        }
      }
    }
  }
}
