{
  "api": {
    "MediaMetadata": {
      "__compat": {
        "mdn_url": "https://developer.mozilla.org/docs/Web/API/MediaMetadata",
        "support": {
          "chrome": {
            "version_added": false
          },
          "chrome_android": {
            "version_added": "57"
          },
          "edge": {
            "version_added": false
          },
          "firefox": {
            "version_added": "71"
          },
          "firefox_android": {
            "version_added": null
          },
          "ie": {
            "version_added": null
          },
          "opera": {
            "version_added": false
          },
          "opera_android": {
            "version_added": false
          },
          "safari": {
            "version_added": null
          },
          "safari_ios": {
            "version_added": null
          },
          "samsunginternet_android": {
            "version_added": "7.0"
          },
          "webview_android": {
            "version_added": false
          }
        },
        "status": {
          "experimental": true,
          "standard_track": true,
          "deprecated": false
        }
      },
      "MediaMetadata": {
        "__compat": {
          "description": "<code>MediaMetadata()</code> constructor",
          "mdn_url": "https://developer.mozilla.org/docs/Web/API/MediaMetadata/MediaMetadata",
          "support": {
            "chrome": {
              "version_added": false
            },
            "chrome_android": {
              "version_added": "57"
            },
            "edge": {
              "version_added": false
            },
            "firefox": {
              "version_added": "71"
            },
            "firefox_android": {
              "version_added": null
            },
            "ie": {
              "version_added": null
            },
            "opera": {
              "version_added": false
            },
            "opera_android": {
              "version_added": false
            },
            "safari": {
              "version_added": null
            },
            "safari_ios": {
              "version_added": null
            },
            "samsunginternet_android": {
              "version_added": "7.0"
            },
            "webview_android": {
              "version_added": false
            }
          },
          "status": {
            "experimental": true,
            "standard_track": true,
            "deprecated": false
          }
        }
      },
      "album": {
        "__compat": {
          "mdn_url": "https://developer.mozilla.org/docs/Web/API/MediaMetadata/album",
          "support": {
            "chrome": {
              "version_added": false
            },
            "chrome_android": {
              "version_added": "57"
            },
            "edge": {
              "version_added": false
            },
            "firefox": {
              "version_added": "71"
            },
            "firefox_android": {
              "version_added": null
            },
            "ie": {
              "version_added": null
            },
            "opera": {
              "version_added": false
            },
            "opera_android": {
              "version_added": false
            },
            "safari": {
              "version_added": null
            },
            "safari_ios": {
              "version_added": null
            },
            "samsunginternet_android": {
              "version_added": "7.0"
            },
            "webview_android": {
              "version_added": false
            }
          },
          "status": {
            "experimental": true,
            "standard_track": true,
            "deprecated": false
          }
        }
      },
      "artist": {
        "__compat": {
          "mdn_url": "https://developer.mozilla.org/docs/Web/API/MediaMetadata/artist",
          "support": {
            "chrome": {
              "version_added": false
            },
            "chrome_android": {
              "version_added": "57"
            },
            "edge": {
              "version_added": false
            },
            "firefox": {
              "version_added": "71"
            },
            "firefox_android": {
              "version_added": null
            },
            "ie": {
              "version_added": null
            },
            "opera": {
              "version_added": false
            },
            "opera_android": {
              "version_added": false
            },
            "safari": {
              "version_added": null
            },
            "safari_ios": {
              "version_added": null
            },
            "samsunginternet_android": {
              "version_added": "7.0"
            },
            "webview_android": {
              "version_added": false
            }
          },
          "status": {
            "experimental": true,
            "standard_track": true,
            "deprecated": false
          }
        }
      },
      "artwork": {
        "__compat": {
          "mdn_url": "https://developer.mozilla.org/docs/Web/API/MediaMetadata/artwork",
          "support": {
            "chrome": {
              "version_added": false
            },
            "chrome_android": {
              "version_added": "57"
            },
            "edge": {
              "version_added": false
            },
            "firefox": {
              "version_added": "71"
            },
            "firefox_android": {
              "version_added": null
            },
            "ie": {
              "version_added": null
            },
            "opera": {
              "version_added": false
            },
            "opera_android": {
              "version_added": false
            },
            "safari": {
              "version_added": null
            },
            "safari_ios": {
              "version_added": null
            },
            "samsunginternet_android": {
              "version_added": "7.0"
            },
            "webview_android": {
              "version_added": false
            }
          },
          "status": {
            "experimental": true,
            "standard_track": true,
            "deprecated": false
          }
        }
      },
      "title": {
        "__compat": {
          "mdn_url": "https://developer.mozilla.org/docs/Web/API/MediaMetadata/title",
          "support": {
            "chrome": {
              "version_added": false
            },
            "chrome_android": {
              "version_added": "57"
            },
            "edge": {
              "version_added": false
            },
            "firefox": {
              "version_added": "71"
            },
            "firefox_android": {
              "version_added": null
            },
            "ie": {
              "version_added": null
            },
            "opera": {
              "version_added": false
            },
            "opera_android": {
              "version_added": false
            },
            "safari": {
              "version_added": null
            },
            "safari_ios": {
              "version_added": null
            },
            "samsunginternet_android": {
              "version_added": "7.0"
            },
            "webview_android": {
              "version_added": false
            }
          },
          "status": {
            "experimental": true,
            "standard_track": true,
            "deprecated": false
          }
        }
      }
    }
  }
}
