{
  "api": {
    "MediaStreamTrackAudioSourceNode": {
      "__compat": {
        "mdn_url": "https://developer.mozilla.org/docs/Web/API/MediaStreamTrackAudioSourceNode",
        "support": {
          "chrome": {
            "version_added": false
          },
          "chrome_android": {
            "version_added": false
          },
          "edge": {
            "version_added": false
          },
          "firefox": {
            "version_added": "68"
          },
          "firefox_android": {
            "version_added": "68"
          },
          "ie": {
            "version_added": false
          },
          "opera": {
            "version_added": false
          },
          "opera_android": {
            "version_added": false
          },
          "safari": {
            "version_added": false
          },
          "safari_ios": {
            "version_added": false
          },
          "samsunginternet_android": {
            "version_added": false
          },
          "webview_android": {
            "version_added": false
          }
        },
        "status": {
          "experimental": false,
          "standard_track": true,
          "deprecated": false
        }
      },
      "MediaStreamTrackAudioSourceNode": {
        "__compat": {
          "mdn_url": "https://developer.mozilla.org/docs/Web/API/MediaStreamTrackAudioSourceNode/MediaStreamTrackAudioSourceNode",
          "description": "<code>MediaStreamTrackAudioSourceNode()</code> constructor",
          "support": {
            "chrome": {
              "version_added": false
            },
            "chrome_android": {
              "version_added": false
            },
            "edge": {
              "version_added": false
            },
            "firefox": {
              "version_added": "68",
              "notes": "Firefox 68 implements the updated standard's definition of the \"first\" audio track; now the first track is the one whose ID comes first lexicographically."
            },
            "firefox_android": {
              "version_added": "68",
              "notes": "Firefox 68 implements the updated standard's definition of the \"first\" audio track; now the first track is the one whose ID comes first lexicographically."
            },
            "ie": {
              "version_added": false
            },
            "opera": {
              "version_added": false
            },
            "opera_android": {
              "version_added": false
            },
            "safari": {
              "version_added": false
            },
            "safari_ios": {
              "version_added": false
            },
            "samsunginternet_android": {
              "version_added": false
            },
            "webview_android": {
              "version_added": false
            }
          },
          "status": {
            "experimental": false,
            "standard_track": true,
            "deprecated": false
          }
        }
      },
      "mediaStreamTrack": {
        "__compat": {
          "mdn_url": "https://developer.mozilla.org/docs/Web/API/MediaStreamTrackAudioSourceNode/mediaStreamTrack",
          "support": {
            "chrome": {
              "version_added": false
            },
            "chrome_android": {
              "version_added": false
            },
            "edge": {
              "version_added": false
            },
            "firefox": {
              "version_added": "68"
            },
            "firefox_android": {
              "version_added": "68"
            },
            "ie": {
              "version_added": false
            },
            "opera": {
              "version_added": false
            },
            "opera_android": {
              "version_added": false
            },
            "safari": {
              "version_added": false
            },
            "safari_ios": {
              "version_added": false
            },
            "samsunginternet_android": {
              "version_added": false
            },
            "webview_android": {
              "version_added": false
            }
          },
          "status": {
            "experimental": false,
            "standard_track": true,
            "deprecated": false
          }
        }
      }
    }
  }
}
