{
  "api": {
    "MIDIAccess": {
      "__compat": {
        "mdn_url": "https://developer.mozilla.org/docs/Web/API/MIDIAccess",
        "support": {
          "chrome": {
            "version_added": "43"
          },
          "chrome_android": {
            "version_added": "43"
          },
          "edge": {
            "version_added": "≤79"
          },
          "firefox": {
            "version_added": false
          },
          "firefox_android": {
            "version_added": null
          },
          "ie": {
            "version_added": false
          },
          "opera": {
            "version_added": "33"
          },
          "opera_android": {
            "version_added": "33"
          },
          "safari": {
            "version_added": false
          },
          "safari_ios": {
            "version_added": false
          },
          "samsunginternet_android": {
            "version_added": "4.0"
          },
          "webview_android": {
            "version_added": "43"
          }
        },
        "status": {
          "experimental": true,
          "standard_track": true,
          "deprecated": false
        }
      },
      "inputs": {
        "__compat": {
          "mdn_url": "https://developer.mozilla.org/docs/Web/API/MIDIAccess/inputs",
          "support": {
            "chrome": {
              "version_added": "43"
            },
            "chrome_android": {
              "version_added": "43"
            },
            "edge": {
              "version_added": "≤79"
            },
            "firefox": {
              "version_added": false
            },
            "firefox_android": {
              "version_added": null
            },
            "ie": {
              "version_added": false
            },
            "opera": {
              "version_added": true
            },
            "opera_android": {
              "version_added": true
            },
            "safari": {
              "version_added": false
            },
            "safari_ios": {
              "version_added": false
            },
            "samsunginternet_android": {
              "version_added": "4.0"
            },
            "webview_android": {
              "version_added": "43"
            }
          },
          "status": {
            "experimental": true,
            "standard_track": true,
            "deprecated": false
          }
        }
      },
      "outputs": {
        "__compat": {
          "mdn_url": "https://developer.mozilla.org/docs/Web/API/MIDIAccess/outputs",
          "support": {
            "chrome": {
              "version_added": "43"
            },
            "chrome_android": {
              "version_added": "43"
            },
            "edge": {
              "version_added": "≤79"
            },
            "firefox": {
              "version_added": false
            },
            "firefox_android": {
              "version_added": null
            },
            "ie": {
              "version_added": false
            },
            "opera": {
              "version_added": true
            },
            "opera_android": {
              "version_added": true
            },
            "safari": {
              "version_added": false
            },
            "safari_ios": {
              "version_added": false
            },
            "samsunginternet_android": {
              "version_added": "4.0"
            },
            "webview_android": {
              "version_added": "43"
            }
          },
          "status": {
            "experimental": true,
            "standard_track": true,
            "deprecated": false
          }
        }
      },
      "statechange_event": {
        "__compat": {
          "mdn_url": "https://developer.mozilla.org/docs/Web/API/MIDIAccess/statechange_event",
          "description": "<code>statechange</code> event",
          "support": {
            "chrome": {
              "version_added": "43"
            },
            "chrome_android": {
              "version_added": "43"
            },
            "edge": {
              "version_added": "≤79"
            },
            "firefox": {
              "version_added": false
            },
            "firefox_android": {
              "version_added": null
            },
            "ie": {
              "version_added": false
            },
            "opera": {
              "version_added": null
            },
            "opera_android": {
              "version_added": null
            },
            "safari": {
              "version_added": false
            },
            "safari_ios": {
              "version_added": false
            },
            "samsunginternet_android": {
              "version_added": "4.0"
            },
            "webview_android": {
              "version_added": "43"
            }
          },
          "status": {
            "experimental": true,
            "standard_track": true,
            "deprecated": false
          }
        }
      },
      "sysexEnabled": {
        "__compat": {
          "mdn_url": "https://developer.mozilla.org/docs/Web/API/MIDIAccess/sysexEnabled",
          "support": {
            "chrome": {
              "version_added": "45"
            },
            "chrome_android": {
              "version_added": "45"
            },
            "edge": {
              "version_added": "≤79"
            },
            "firefox": {
              "version_added": false
            },
            "firefox_android": {
              "version_added": null
            },
            "ie": {
              "version_added": false
            },
            "opera": {
              "version_added": true
            },
            "opera_android": {
              "version_added": true
            },
            "safari": {
              "version_added": false
            },
            "safari_ios": {
              "version_added": false
            },
            "samsunginternet_android": {
              "version_added": "5.0"
            },
            "webview_android": {
              "version_added": "45"
            }
          },
          "status": {
            "experimental": true,
            "standard_track": true,
            "deprecated": false
          }
        }
      }
    }
  }
}
