{
  "api": {
    "NavigationPreloadManager": {
      "__compat": {
        "mdn_url": "https://developer.mozilla.org/docs/Web/API/NavigationPreloadManager",
        "support": {
          "chrome": {
            "version_added": "62"
          },
          "chrome_android": {
            "version_added": "62"
          },
          "edge": {
            "version_added": "18"
          },
          "firefox": {
            "version_added": false,
            "notes": "Implementation tracked in <a href='https://bugzil.la/1290958'>bug 1290958</a>"
          },
          "firefox_android": {
            "version_added": false,
            "notes": "Implementation tracked in <a href='https://bugzil.la/1290958'>bug 1290958</a>"
          },
          "ie": {
            "version_added": null
          },
          "opera": {
            "version_added": "49"
          },
          "opera_android": {
            "version_added": "46"
          },
          "safari": {
            "version_added": null
          },
          "safari_ios": {
            "version_added": null
          },
          "samsunginternet_android": {
            "version_added": "8.0"
          },
          "webview_android": {
            "version_added": "62"
          }
        },
        "status": {
          "experimental": true,
          "standard_track": true,
          "deprecated": false
        }
      },
      "disable": {
        "__compat": {
          "mdn_url": "https://developer.mozilla.org/docs/Web/API/NavigationPreloadManager/disable",
          "support": {
            "chrome": {
              "version_added": "62"
            },
            "chrome_android": {
              "version_added": "62"
            },
            "edge": {
              "version_added": "18"
            },
            "firefox": {
              "version_added": false,
              "notes": "Implementation tracked in <a href='https://bugzil.la/1290958'>bug 1290958</a>"
            },
            "firefox_android": {
              "version_added": false,
              "notes": "Implementation tracked in <a href='https://bugzil.la/1290958'>bug 1290958</a>"
            },
            "ie": {
              "version_added": null
            },
            "opera": {
              "version_added": "49"
            },
            "opera_android": {
              "version_added": "46"
            },
            "safari": {
              "version_added": null
            },
            "safari_ios": {
              "version_added": null
            },
            "samsunginternet_android": {
              "version_added": "8.0"
            },
            "webview_android": {
              "version_added": "62"
            }
          },
          "status": {
            "experimental": true,
            "standard_track": true,
            "deprecated": false
          }
        }
      },
      "enable": {
        "__compat": {
          "mdn_url": "https://developer.mozilla.org/docs/Web/API/NavigationPreloadManager/enable",
          "support": {
            "chrome": {
              "version_added": "62"
            },
            "chrome_android": {
              "version_added": "62"
            },
            "edge": {
              "version_added": "18"
            },
            "firefox": {
              "version_added": false,
              "notes": "Implementation tracked in <a href='https://bugzil.la/1290958'>bug 1290958</a>"
            },
            "firefox_android": {
              "version_added": false,
              "notes": "Implementation tracked in <a href='https://bugzil.la/1290958'>bug 1290958</a>"
            },
            "ie": {
              "version_added": null
            },
            "opera": {
              "version_added": "49"
            },
            "opera_android": {
              "version_added": "46"
            },
            "safari": {
              "version_added": null
            },
            "safari_ios": {
              "version_added": null
            },
            "samsunginternet_android": {
              "version_added": "8.0"
            },
            "webview_android": {
              "version_added": "62"
            }
          },
          "status": {
            "experimental": true,
            "standard_track": true,
            "deprecated": false
          }
        }
      },
      "getState": {
        "__compat": {
          "mdn_url": "https://developer.mozilla.org/docs/Web/API/NavigationPreloadManager/getState",
          "support": {
            "chrome": {
              "version_added": "62"
            },
            "chrome_android": {
              "version_added": "62"
            },
            "edge": {
              "version_added": "18"
            },
            "firefox": {
              "version_added": false,
              "notes": "Implementation tracked in <a href='https://bugzil.la/1290958'>bug 1290958</a>"
            },
            "firefox_android": {
              "version_added": false,
              "notes": "Implementation tracked in <a href='https://bugzil.la/1290958'>bug 1290958</a>"
            },
            "ie": {
              "version_added": null
            },
            "opera": {
              "version_added": "49"
            },
            "opera_android": {
              "version_added": "46"
            },
            "safari": {
              "version_added": null
            },
            "safari_ios": {
              "version_added": null
            },
            "samsunginternet_android": {
              "version_added": "8.0"
            },
            "webview_android": {
              "version_added": "62"
            }
          },
          "status": {
            "experimental": true,
            "standard_track": true,
            "deprecated": false
          }
        }
      },
      "setHeaderValue": {
        "__compat": {
          "mdn_url": "https://developer.mozilla.org/docs/Web/API/NavigationPreloadManager/setHeaderValue",
          "support": {
            "chrome": {
              "version_added": "62"
            },
            "chrome_android": {
              "version_added": "62"
            },
            "edge": {
              "version_added": "18"
            },
            "firefox": {
              "version_added": false,
              "notes": "Implementation tracked in <a href='https://bugzil.la/1290958'>bug 1290958</a>"
            },
            "firefox_android": {
              "version_added": false,
              "notes": "Implementation tracked in <a href='https://bugzil.la/1290958'>bug 1290958</a>"
            },
            "ie": {
              "version_added": null
            },
            "opera": {
              "version_added": "49"
            },
            "opera_android": {
              "version_added": "46"
            },
            "safari": {
              "version_added": null
            },
            "safari_ios": {
              "version_added": null
            },
            "samsunginternet_android": {
              "version_added": "8.0"
            },
            "webview_android": {
              "version_added": "62"
            }
          },
          "status": {
            "experimental": true,
            "standard_track": true,
            "deprecated": false
          }
        }
      }
    }
  }
}
