{
  "api": {
    "NonDocumentTypeChildNode": {
      "__compat": {
        "mdn_url": "https://developer.mozilla.org/docs/Web/API/NonDocumentTypeChildNode",
        "description": "Basic support (on <code>Element</code>)",
        "support": {
          "chrome": {
            "version_added": "1"
          },
          "chrome_android": {
            "version_added": true
          },
          "edge": {
            "version_added": "12"
          },
          "firefox": {
            "version_added": "3.5"
          },
          "firefox_android": {
            "version_added": "4"
          },
          "ie": {
            "version_added": "9"
          },
          "opera": {
            "version_added": "10"
          },
          "opera_android": {
            "version_added": "10.1"
          },
          "safari": {
            "version_added": "4"
          },
          "safari_ios": {
            "version_added": true
          },
          "samsunginternet_android": {
            "version_added": true
          },
          "webview_android": {
            "version_added": true
          }
        },
        "status": {
          "experimental": false,
          "standard_track": true,
          "deprecated": false
        }
      },
      "CharacterData_support": {
        "__compat": {
          "description": "Support (on <code>CharacterData</code>)",
          "support": {
            "chrome": {
              "version_added": "1"
            },
            "chrome_android": {
              "version_added": true
            },
            "edge": {
              "version_added": "≤18"
            },
            "firefox": {
              "version_added": "25"
            },
            "firefox_android": {
              "version_added": "25"
            },
            "ie": {
              "version_added": false
            },
            "opera": {
              "version_added": "10"
            },
            "opera_android": {
              "version_added": "10.1"
            },
            "safari": {
              "version_added": "4"
            },
            "safari_ios": {
              "version_added": true
            },
            "samsunginternet_android": {
              "version_added": true
            },
            "webview_android": {
              "version_added": true
            }
          },
          "status": {
            "experimental": false,
            "standard_track": true,
            "deprecated": false
          }
        }
      },
      "nextElementSibling": {
        "__compat": {
          "mdn_url": "https://developer.mozilla.org/docs/Web/API/NonDocumentTypeChildNode/nextElementSibling",
          "support": {
            "chrome": {
              "version_added": "4"
            },
            "chrome_android": {
              "version_added": true
            },
            "edge": {
              "version_added": "12",
              "notes": "In EdgeHTML, this was only implemented for <code>Element</code>, not for <code>CharacterData</code>. This behavior was fixed in Chromium versions of Edge."
            },
            "firefox": {
              "version_added": "3.5"
            },
            "firefox_android": {
              "version_added": "4"
            },
            "ie": {
              "version_added": "9",
              "partial_implementation": true,
              "notes": "Only implemented for <code>Element</code>, not for <code>CharacterData</code>. See <a href='https://developer.mozilla.org/docs/Web/API/NonDocumentTypeChildNode/nextElementSibling#Polyfill_for_Internet_Explorer_9_and_Safari'>polyfill</a>."
            },
            "opera": {
              "version_added": "10"
            },
            "opera_android": {
              "version_added": "10.1"
            },
            "safari": {
              "version_added": "4"
            },
            "safari_ios": {
              "version_added": true
            },
            "samsunginternet_android": {
              "version_added": true
            },
            "webview_android": {
              "version_added": true
            }
          },
          "status": {
            "experimental": false,
            "standard_track": true,
            "deprecated": false
          }
        }
      },
      "previousElementSibling": {
        "__compat": {
          "mdn_url": "https://developer.mozilla.org/docs/Web/API/NonDocumentTypeChildNode/previousElementSibling",
          "support": {
            "chrome": {
              "version_added": "4"
            },
            "chrome_android": {
              "version_added": true
            },
            "edge": {
              "version_added": "12",
              "notes": "In EdgeHTML, this was only implemented for <code>Element</code>, not for <code>CharacterData</code>. This behavior was fixed in Chromium versions of Edge."
            },
            "firefox": {
              "version_added": "3.5"
            },
            "firefox_android": {
              "version_added": "4"
            },
            "ie": {
              "version_added": "9",
              "partial_implementation": true,
              "notes": "Only implemented for <code>Element</code>, not for <code>CharacterData</code>. See <a href='https://developer.mozilla.org/docs/Web/API/NonDocumentTypeChildNode/previousElementSibling#Polyfill_for_Internet_Explorer_9_and_Safari'>polyfill</a>."
            },
            "opera": {
              "version_added": "10"
            },
            "opera_android": {
              "version_added": "10.1"
            },
            "safari": {
              "version_added": "4"
            },
            "safari_ios": {
              "version_added": true
            },
            "samsunginternet_android": {
              "version_added": true
            },
            "webview_android": {
              "version_added": true
            }
          },
          "status": {
            "experimental": false,
            "standard_track": true,
            "deprecated": false
          }
        }
      }
    }
  }
}
