{
  "api": {
    "NotificationEvent": {
      "__compat": {
        "mdn_url": "https://developer.mozilla.org/docs/Web/API/NotificationEvent",
        "support": {
          "chrome": {
            "version_added": "42"
          },
          "chrome_android": {
            "version_added": "42"
          },
          "edge": {
            "version_added": "≤18"
          },
          "firefox": {
            "version_added": "44",
            "notes": "Service workers (and <a href='https://developer.mozilla.org/docs/Web/API/Push_API'>Push</a>) have been disabled in the <a href='https://www.mozilla.org/en-US/firefox/organizations/'>Firefox 45 and 52 Extended Support Releases</a> (ESR)."
          },
          "firefox_android": {
            "version_added": "44"
          },
          "ie": {
            "version_added": null
          },
          "opera": {
            "version_added": "37"
          },
          "opera_android": {
            "version_added": "37"
          },
          "safari": {
            "version_added": null
          },
          "safari_ios": {
            "version_added": null
          },
          "samsunginternet_android": {
            "version_added": "4.0"
          },
          "webview_android": {
            "version_added": false
          }
        },
        "status": {
          "experimental": true,
          "standard_track": true,
          "deprecated": false
        }
      },
      "NotificationEvent": {
        "__compat": {
          "description": "<code>NotificationEvent()</code> constructor",
          "mdn_url": "https://developer.mozilla.org/docs/Web/API/NotificationEvent/NotificationEvent",
          "support": {
            "chrome": {
              "version_added": "42"
            },
            "chrome_android": {
              "version_added": "42"
            },
            "edge": {
              "version_added": "≤18"
            },
            "firefox": {
              "version_added": "44",
              "notes": "Service workers (and <a href='https://developer.mozilla.org/docs/Web/API/Push_API'>Push</a>) have been disabled in the <a href='https://www.mozilla.org/en-US/firefox/organizations/'>Firefox 45 and 52 Extended Support Releases</a> (ESR)."
            },
            "firefox_android": {
              "version_added": "44"
            },
            "ie": {
              "version_added": null
            },
            "opera": {
              "version_added": "37"
            },
            "opera_android": {
              "version_added": "37"
            },
            "safari": {
              "version_added": null
            },
            "safari_ios": {
              "version_added": null
            },
            "samsunginternet_android": {
              "version_added": "4.0"
            },
            "webview_android": {
              "version_added": false
            }
          },
          "status": {
            "experimental": true,
            "standard_track": true,
            "deprecated": false
          }
        }
      },
      "action": {
        "__compat": {
          "mdn_url": "https://developer.mozilla.org/docs/Web/API/NotificationEvent/action",
          "support": {
            "chrome": {
              "version_added": "48"
            },
            "chrome_android": {
              "version_added": "48"
            },
            "edge": {
              "version_added": "≤18"
            },
            "firefox": {
              "version_added": "44",
              "notes": "Service workers (and <a href='https://developer.mozilla.org/docs/Web/API/Push_API'>Push</a>) have been disabled in the <a href='https://www.mozilla.org/en-US/firefox/organizations/'>Firefox 45 and 52 Extended Support Releases</a> (ESR)."
            },
            "firefox_android": {
              "version_added": "44"
            },
            "ie": {
              "version_added": null
            },
            "opera": {
              "version_added": false
            },
            "opera_android": {
              "version_added": false
            },
            "safari": {
              "version_added": null
            },
            "safari_ios": {
              "version_added": null
            },
            "samsunginternet_android": {
              "version_added": "5.0"
            },
            "webview_android": {
              "version_added": false
            }
          },
          "status": {
            "experimental": true,
            "standard_track": true,
            "deprecated": false
          }
        }
      },
      "notification": {
        "__compat": {
          "mdn_url": "https://developer.mozilla.org/docs/Web/API/NotificationEvent/notification",
          "support": {
            "chrome": {
              "version_added": "42"
            },
            "chrome_android": {
              "version_added": "42"
            },
            "edge": {
              "version_added": "≤18"
            },
            "firefox": {
              "version_added": "44",
              "notes": "Service workers (and <a href='https://developer.mozilla.org/docs/Web/API/Push_API'>Push</a>) have been disabled in the <a href='https://www.mozilla.org/en-US/firefox/organizations/'>Firefox 45 and 52 Extended Support Releases</a> (ESR)."
            },
            "firefox_android": {
              "version_added": "44"
            },
            "ie": {
              "version_added": null
            },
            "opera": {
              "version_added": "37"
            },
            "opera_android": {
              "version_added": "37"
            },
            "safari": {
              "version_added": null
            },
            "safari_ios": {
              "version_added": null
            },
            "samsunginternet_android": {
              "version_added": "4.0"
            },
            "webview_android": {
              "version_added": false
            }
          },
          "status": {
            "experimental": true,
            "standard_track": true,
            "deprecated": false
          }
        }
      }
    }
  }
}
