{
  "api": {
    "OVR_multiview2": {
      "__compat": {
        "mdn_url": "https://developer.mozilla.org/docs/Web/API/OVR_multiview2",
        "support": {
          "chrome": [
            {
              "version_added": "75",
              "alternative_name": "OVRMultiview2"
            },
            {
              "version_added": "70",
              "version_removed": "75",
              "alternative_name": "WebGLMultiview"
            }
          ],
          "chrome_android": [
            {
              "version_added": "75",
              "alternative_name": "OVRMultiview2"
            },
            {
              "version_added": "70",
              "version_removed": "75",
              "alternative_name": "WebGLMultiview"
            }
          ],
          "edge": {
            "version_added": "79",
            "alternative_name": "OVRMultiview2"
          },
          "firefox": {
            "version_added": "71"
          },
          "firefox_android": {
            "version_added": false
          },
          "ie": {
            "version_added": false
          },
          "opera": {
            "version_added": false
          },
          "opera_android": {
            "version_added": false
          },
          "safari": {
            "version_added": false
          },
          "safari_ios": {
            "version_added": false
          },
          "samsunginternet_android": [
            {
              "version_added": "11.0",
              "alternative_name": "OVRMultiview2"
            },
            {
              "version_added": "10.0",
              "version_removed": "11.0",
              "alternative_name": "WebGLMultiview"
            }
          ],
          "webview_android": [
            {
              "version_added": "75",
              "alternative_name": "OVRMultiview2"
            },
            {
              "version_added": "70",
              "version_removed": "75",
              "alternative_name": "WebGLMultiview"
            }
          ]
        },
        "status": {
          "experimental": false,
          "standard_track": true,
          "deprecated": false
        }
      },
      "framebufferTextureMultiviewOVR": {
        "__compat": {
          "mdn_url": "https://developer.mozilla.org/docs/Web/API/OVR_multiview2/framebufferTextureMultiviewOVR",
          "support": {
            "chrome": [
              {
                "version_added": "75"
              },
              {
                "version_added": "70",
                "version_removed": "75",
                "alternative_name": "framebufferTextureMultiviewWEBGL"
              }
            ],
            "chrome_android": [
              {
                "version_added": "75"
              },
              {
                "version_added": "70",
                "version_removed": "75",
                "alternative_name": "framebufferTextureMultiviewWEBGL"
              }
            ],
            "edge": {
              "version_added": "79"
            },
            "firefox": {
              "version_added": "71"
            },
            "firefox_android": {
              "version_added": false
            },
            "ie": {
              "version_added": false
            },
            "opera": {
              "version_added": false
            },
            "opera_android": {
              "version_added": false
            },
            "safari": {
              "version_added": false
            },
            "safari_ios": {
              "version_added": false
            },
            "samsunginternet_android": [
              {
                "version_added": "11.0"
              },
              {
                "version_added": "10.0",
                "version_removed": "11.0",
                "alternative_name": "framebufferTextureMultiviewWEBGL"
              }
            ],
            "webview_android": [
              {
                "version_added": "75"
              },
              {
                "version_added": "70",
                "version_removed": "75",
                "alternative_name": "framebufferTextureMultiviewWEBGL"
              }
            ]
          },
          "status": {
            "experimental": false,
            "standard_track": true,
            "deprecated": false
          }
        }
      }
    }
  }
}
